#Processes;Avg_FT_DPRRA;l2Norm_DPRRA;Avg_CS_DPRRA;Avg_TP_DPRRA;Avg_TQ_DPRRA
5;41;98.0969;1.6;0.0243902;2.9833
30;59.8;355.941;1.56667;0.0167224;7.14307
55;56.1636;449.87;1.50909;0.0178051;18.0136
80;78.1625;864.163;1.675;0.0127939;24.05
105;61.8857;699.27;1.67619;0.0161588;26.0258
130;59.6077;745.024;1.55385;0.0167764;41.9675
155;63.5677;899.259;1.65806;0.0157312;39.0596
180;62.8944;924.362;1.60556;0.0158997;56.8315
205;61.3561;997.18;1.59512;0.0162983;64.053
230;70.1174;1349.43;1.6;0.0142618;74.0405
255;56.7098;1000.54;1.62353;0.0176336;68.0776
280;59.9179;1086.78;1.71429;0.0166895;72.803
305;55.2328;1036.39;1.63279;0.0181052;76.9221
330;54.1364;1048.11;1.62424;0.0184719;87.2429
355;61.4197;1266.82;1.58873;0.0162814;102.824
380;61.6763;1299.76;1.63684;0.0162137;109.568
405;65.7556;1514.17;1.71358;0.0152078;108.052
430;79.7558;1933.61;1.69535;0.0125383;144.963
455;57.6549;1424.26;1.57363;0.0173446;131.877
480;64.8708;1752.11;1.65;0.0154152;146.071
505;83.3941;2104.12;1.69307;0.0119913;162.797
530;84.1151;3332.84;1.64528;0.0118885;161.479
555;73.645;1995;1.65045;0.0135786;177.214
580;59.6241;1592.94;1.62069;0.0167717;165.498
605;58.3669;1545.85;1.58843;0.017133;188.578
630;58.2937;1610.19;1.5873;0.0171545;186.301
655;69.1725;1963.44;1.65496;0.0144566;201.38
680;69.2441;2206.88;1.61029;0.0144417;212.446
705;64.7007;1975.85;1.60284;0.0154558;220.072
730;65.3205;1931.58;1.62877;0.0153091;217.655
755;74.0358;2580.05;1.60132;0.013507;246.859
780;70.5936;2274.79;1.62821;0.0141656;237.152
805;68.0596;2416.12;1.6087;0.014693;258.873
830;59.1;1847.1;1.63614;0.0169205;231.341
855;128.83;9217.95;1.65848;0.00776214;305.719
880;65.8375;2825.57;1.56364;0.0151889;257.807
905;26.1757;865.178;1.43646;0.0382034;215.962
930;29.4452;999.069;1.46452;0.0339614;230.546
955;28.2901;1009.33;1.41571;0.0353481;230.979
980;30.5122;1072.43;1.45408;0.0327737;244.318
1005;30.7224;1105.72;1.44876;0.0325496;254.341
1030;31.3854;1160.25;1.46117;0.0318619;261.969
1055;27.3469;968.043;1.43033;0.0365672;268.053
1080;35.5111;1413.32;1.48889;0.0281602;290.182
1105;35.5367;1414.68;1.48688;0.02814;296.112
1130;37.1265;1478.01;1.52035;0.0269349;308.549
1155;31.5758;1225.92;1.4381;0.0316699;295.71
1180;35.6373;1407.15;1.50424;0.0280605;317.739
1205;35.3162;1421.17;1.47552;0.0283156;311.54
1230;45.361;1831.9;1.52195;0.0220454;346.593
1255;32.1904;1308.09;1.46614;0.0310651;319.023
1280;33.5695;1368.37;1.47109;0.0297889;323.394
1305;40.9663;1674.61;1.5249;0.0244103;363.014
1330;37.4068;1632.34;1.48045;0.0267331;351.217
1355;35.3196;1501.34;1.48782;0.0283129;358.972
1380;34.7819;1500.73;1.47391;0.0287506;370.401
1405;37.0598;1631.75;1.4911;0.0269834;378.387
1430;39.651;1735.17;1.50559;0.02522;402.882
1455;38.6962;1806.81;1.49897;0.0258423;387.666
1480;44.4088;2069.63;1.53919;0.0225181;409.306
1505;41.3867;1810;1.52824;0.0241623;420.278
1530;39.2739;1775.15;1.5085;0.0254622;435.95
1555;42.3653;1871.22;1.54534;0.0236042;435.009
1580;39.5639;1772.49;1.52975;0.0252756;441.47
1605;44.7975;2103.16;1.5271;0.0223227;469.187
1630;38.0951;1759.33;1.50245;0.0262501;435.82
1655;43.6622;1982.69;1.52628;0.0229031;473.091
1680;34.847;1630.92;1.46786;0.0286969;447.439
1705;41.9349;1956.1;1.54604;0.0238465;477.422
1730;43.8572;2061.01;1.53064;0.0228013;506.784
1755;44.849;2106.55;1.55954;0.022297;506.891
1780;47.7848;2256.21;1.58764;0.0209271;519.461
1805;43.5651;2085.77;1.53296;0.0229542;523.852
1830;47.3749;2515.69;1.5847;0.0211082;522.52
1855;44.242;2180.59;1.55418;0.0226029;541.417
1880;46.7505;2317.42;1.5867;0.0213901;542.787
1905;40.7638;2012.17;1.53333;0.0245316;527.661
1930;50.9295;3944.88;1.53627;0.019635;571.24
1955;33.1724;1587.31;1.47008;0.0301456;534.682
1980;64.8924;3943.26;1.66919;0.0154101;630.061
2005;43.1152;2296.03;1.54963;0.0231937;566.173
2030;30.7729;1503.87;1.44828;0.0324961;532.347
2055;33.2701;1618.89;1.47299;0.030057;523.313
2080;29.8909;1501.1;1.45817;0.033455;530.944
2105;32.7786;1657.83;1.47458;0.0305077;557.858
2130;34.4427;1781.66;1.47653;0.0290337;572.004
2155;35.7248;1796.71;1.48121;0.0279917;575.825
2180;32.5431;1733.11;1.46881;0.0307285;559.583
2205;33.2639;1694.91;1.4771;0.0300626;577.559
2230;46.3345;2510.41;1.54395;0.0215822;633.333
2255;49.8062;2771.36;1.55166;0.0200778;679.452
2280;45.6684;2468.92;1.53991;0.021897;667.742
2305;47.974;2596.35;1.54317;0.0208446;676.73
2330;52.4142;3116.59;1.56996;0.0190788;718.956
2355;57.2051;3685.72;1.6293;0.017481;743.218
2380;58.6979;6057.37;1.55;0.0170364;749.208
2405;42.6686;2360.1;1.54428;0.0234364;688.133
2430;46.2226;2568.54;1.53827;0.0216344;710.645
2455;45.2061;2478.14;1.55804;0.0221209;715.451
2480;57.4629;3371.57;1.61694;0.0174025;828.783
2505;62.3058;3899.49;1.6475;0.0160499;807.281
2530;50.7194;3228.01;1.57431;0.0197163;747.832
2555;47.1131;2678.59;1.55029;0.0212255;750.782
2580;79.8345;11281;1.61512;0.0125259;836.428
2605;49.3678;2839.15;1.56699;0.0202561;787.155
2630;45.6745;2632.81;1.56122;0.021894;742.999
2655;53.9171;3566.29;1.58719;0.018547;785.029
2680;51.1504;2915.05;1.5806;0.0195502;808.31
2705;48.6104;2803.01;1.56044;0.0205718;806.082
2730;44.3623;2668.3;1.54872;0.0225417;779.975
2755;50.3234;2920.88;1.57495;0.0198715;823.93
2780;47.7626;2765.27;1.58525;0.0209369;806.199
2805;48.59;2832.24;1.56898;0.0205804;825.001
2830;71.8714;7536.77;1.61943;0.0139137;933.392
2855;53.1177;3092.49;1.5937;0.0188261;883.119
2880;50.5354;2995.33;1.57535;0.0197881;863.425
2905;52.3136;3396.91;1.57384;0.0191155;887.734
2930;46.9195;2843.45;1.55563;0.0213131;852.859
2955;59.2108;3969.74;1.62335;0.0168888;936.412
2980;56.0295;3439.91;1.61342;0.0178477;928.814
3005;52.7012;3675.79;1.60433;0.0189749;888.167
3030;47.7043;2906.85;1.56799;0.0209625;893.376
3055;48.7152;2950.54;1.59836;0.0205275;880.132
3080;50.0714;3000.16;1.6013;0.0199715;958.458
3105;59.3227;5842.31;1.61675;0.016857;943.583
3130;53.7316;3316.84;1.61086;0.018611;960.955
3155;45.9395;2892.48;1.54422;0.0217678;923.325
3180;61.2748;5199.83;1.6195;0.0163199;1012.18
3205;49.3367;3044.87;1.57847;0.0202689;971.076
3230;61.4774;5018.06;1.63684;0.0162661;1034.35
3255;53.439;3359.12;1.59478;0.0187129;969.495
3280;45.7582;3730.92;1.51524;0.021854;926.993
3305;52.4708;5289.92;1.57005;0.0190582;990.374
3330;56.6931;3552.28;1.62132;0.0176388;1087.51
3355;49.4727;3125.79;1.59851;0.0202132;997.196
3380;52.2766;3373.9;1.61805;0.019129;1032.99
3405;48.1407;3625.03;1.56476;0.0207725;1002.87
3430;94.1802;24316.2;1.51633;0.0106179;1087.31
3455;55.9242;3585.31;1.63039;0.0178814;1102.63
3480;63.1848;4368.95;1.64167;0.0158266;1134.09
3505;55.2562;3657.95;1.59144;0.0180975;1139.64
3530;66.4963;5848.3;1.63711;0.0150384;1162.29
3555;46.1108;3075.39;1.54909;0.0216869;1016.29
3580;53.6257;3932.21;1.61145;0.0186478;1109.03
3605;53.8491;3997.72;1.61248;0.0185704;1097.53
3630;57.868;4218.6;1.5978;0.0172807;1175.65
3655;59.4517;4726.44;1.60383;0.0168204;1177.7
3680;49.9981;3330.56;1.59239;0.0200008;1125.71
3705;54.2548;3630.64;1.59757;0.0184316;1110.34
3730;59.0646;4010.06;1.62386;0.0169306;1144.24
3755;52.0602;3492.37;1.6024;0.0192085;1136.64
3780;60.4984;4492.37;1.62778;0.0165294;1220.55
3805;54.698;3728.19;1.61603;0.0182822;1153.4
3830;49.5723;3384.59;1.58016;0.0201725;1139.83
3855;60.0685;5546.5;1.61038;0.0166477;1196.06
3880;53.6827;3749.6;1.6018;0.018628;1185.69
3905;56.2013;3973.16;1.61536;0.0177932;1235.58
3930;62.6975;6455.04;1.62646;0.0159496;1231.35
3955;52.7451;3659.06;1.59646;0.0189591;1182.83
3980;50.5035;3477.32;1.59422;0.0198006;1190.75
4005;49.2637;3460.34;1.57203;0.0202989;1217.61
4030;51.4682;3578.53;1.59107;0.0194295;1194.63
4055;49.4116;3550.58;1.57682;0.0202382;1208.1
4080;54.0767;3699.29;1.60809;0.0184922;1282.79
4105;66.7474;6257.33;1.6475;0.0149819;1361.23
4130;105.623;25909;1.65351;0.00946763;1411.96
4155;90.2787;20999.3;1.61396;0.0110768;1383.54
4180;56.0648;3876.31;1.62584;0.0178365;1311.75
4205;48.0378;3567.71;1.55125;0.0208169;1256.72
4230;54.4534;4403.61;1.57991;0.0183643;1285.02
4255;54.5217;3895.31;1.60094;0.0183413;1299.65
4280;58.2579;5725.17;1.61121;0.017165;1330.35
4305;48.7545;3585.31;1.5626;0.0205109;1289.33
4330;56.2035;4035.91;1.62079;0.0177925;1343.88
4355;56.9116;4139.15;1.63375;0.0175711;1331.53
4380;54.203;3899.77;1.61484;0.0184492;1355.74
4405;55.9467;4127.46;1.62611;0.0178742;1334.56
4430;55.4086;4012.24;1.62483;0.0180477;1380.65
4455;52.8319;3868.68;1.60157;0.018928;1365.99
4480;63.169;5614.32;1.63594;0.0158306;1446.66
4505;51.8693;3764.61;1.59423;0.0192792;1374.21
4530;57.3554;4290.77;1.63046;0.0174351;1385.39
4555;57.863;5222.79;1.60483;0.0172822;1448.27
4580;48.2871;3886.72;1.54476;0.0207095;1341.28
4605;59.9855;5103.44;1.61802;0.0166707;1454.81
4630;57.9069;4192.56;1.64622;0.0172691;1451.28
4655;52.8314;3963.59;1.60129;0.0189282;1413.42
4680;66.366;8226.26;1.61902;0.015068;1544.49
4705;60.8204;4635.27;1.64676;0.0164419;1483.14
4730;62.1446;7099.01;1.61734;0.0160915;1530.11
4755;56.858;4428.59;1.62755;0.0175877;1467.06
4780;55.0728;4227.51;1.61192;0.0181578;1470.53
4805;55.7392;4252.35;1.60937;0.0179407;1473.33
4830;53.2787;4516.94;1.57971;0.0187692;1479.49
4855;60.1541;7556.07;1.60371;0.016624;1490.41
4880;53.2176;4114.79;1.60697;0.0187908;1463.9
4905;58.452;5244.72;1.62528;0.0171081;1506.24
4930;61.9063;5913.46;1.62535;0.0161534;1591.33
4955;53.9378;5475.94;1.57094;0.0185399;1492.17
4980;53.4695;4122.87;1.60984;0.0187023;1566.62
5005;51.1473;3952.57;1.59201;0.0195514;1536.38
5030;53.9203;4168.85;1.62863;0.0185459;1581.64
5055;52.507;4066.77;1.60712;0.0190451;1573.32
5080;59.6311;4700.48;1.63287;0.0167698;1585.19
5105;60.5933;4976.1;1.62214;0.0165035;1641.08
5130;60.4749;5201.45;1.61832;0.0165358;1631.51
5155;57.7554;6050.82;1.60815;0.0173144;1560.74
5180;58.6141;5421.46;1.61351;0.0170607;1636.33
5205;52.3583;4113.58;1.59232;0.0190992;1598.95
5230;48.2407;4019.18;1.55641;0.0207294;1532.26
5255;56.2177;4410.5;1.62093;0.017788;1651.25
5280;59.0295;5218.23;1.63314;0.0169407;1651.49
5305;57.8956;4568.81;1.63845;0.0172725;1650.37
5330;58.0326;5176.69;1.61895;0.0172317;1708.92
5355;55.6112;4473.47;1.61979;0.017982;1628.05
5380;52.8377;4260.37;1.59628;0.0189259;1655.01
5405;50.8309;4079.75;1.58797;0.0196731;1597.24
5430;69.3626;8541.23;1.65212;0.014417;1806.24
5455;57.9723;5167.34;1.62456;0.0172496;1720.01
5480;57.2821;7407.72;1.57865;0.0174575;1654.95
5505;56.6654;4492.5;1.63415;0.0176475;1700.86
5530;53.4429;4486.06;1.59783;0.0187116;1706.83
5555;53.3136;4367.3;1.59172;0.0187569;1716.34
5580;58.2265;5959.76;1.60896;0.0171743;1735.1
5605;55.4657;4653.43;1.60357;0.0180292;1728.44
5630;61.094;6053.74;1.62433;0.0163682;1759.76
5655;58.2916;4798.46;1.61927;0.0171551;1795.59
5680;54.887;4533.8;1.61743;0.0182193;1718.48
5705;54.2927;5259.64;1.58124;0.0184187;1727.6
5730;54.7792;4529.76;1.61047;0.0182551;1739.24
5755;42.387;3745.92;1.51851;0.0235922;1620.68
5780;57.4242;5073.12;1.61713;0.0174143;1769.36
5805;54.2529;5151.92;1.59931;0.0184322;1742.64
5830;59.2396;4886.71;1.64151;0.0168806;1837.62
5855;60.2565;4934.89;1.65687;0.0165957;1874.36
5880;52.6935;4502.14;1.58197;0.0189777;1787.14
5905;51.0391;4559.98;1.56376;0.0195928;1802.76
5930;56.5578;5024.51;1.60911;0.017681;1851.19
5955;49.3839;4354.58;1.54945;0.0202495;1795.42
5980;55.5326;5508.1;1.59799;0.0180074;1854.84
6005;55.8233;4723.76;1.60899;0.0179137;1874.24
6030;58.6103;5654.19;1.62338;0.0170619;1881.13
6055;67.0619;8454.21;1.64773;0.0149116;1988.95
6080;52.7215;4784.49;1.58701;0.0189676;1833.56
6105;53.6732;4612.7;1.60066;0.0186313;1888.29
6130;57.5713;4893.83;1.62382;0.0173698;1918.57
6155;66.3755;13391.2;1.59675;0.0150658;1915.02
6180;57.3574;5702.82;1.63301;0.0174345;1963.74
6205;50.9521;4410.77;1.5863;0.0196263;1932.09
6230;46.9096;4069.28;1.57929;0.0213176;1831.71
6255;50.4892;4435.22;1.59073;0.0198062;1880.28
6280;55.0645;4836.89;1.60478;0.0181605;1940
6305;55.132;4806.17;1.62268;0.0181383;1929.5
6330;56.0231;4880.82;1.60853;0.0178498;1987.87
6355;59.9901;5140.43;1.64406;0.0166694;2018.57
6380;53.0776;4739.38;1.59875;0.0188403;1905.45
6405;53.1193;4782.82;1.60125;0.0188256;1967.92
6430;53.4487;4714.61;1.59876;0.0187095;1961.15
6455;58.2195;5066.38;1.63284;0.0171764;2053.49
6480;51.5227;4585.43;1.5892;0.0194089;1928.61
6505;54.3033;5982.6;1.58909;0.0184151;1934.24
6530;45.7046;5492.47;1.52649;0.0218796;1890.96
6555;51.5617;4813.43;1.582;0.0193942;1980.35
6580;77.3807;21925.5;1.60547;0.0129231;2101.59
6605;55.3204;6050;1.59546;0.0180765;2039.49
6630;56.1997;5127.1;1.61056;0.0177937;2101.93
6655;51.7382;4878.82;1.58618;0.0193281;2005.27
6680;46.8693;5055.62;1.54611;0.0213359;1927.27
6705;48.5706;4506.92;1.56212;0.0205886;1987.71
6730;57.5639;6871.1;1.61233;0.017372;2081.93
6755;52.1782;4742.41;1.58001;0.0191651;2057.53
6780;42.6453;4263.18;1.50914;0.0234493;1908.19
6805;59.9439;5349.79;1.63497;0.0166823;2158.56
6830;53.7874;6737.49;1.5754;0.0185917;2054.96
6855;56.8872;5329.85;1.61021;0.0175786;2147.7
6880;57.6378;5135.69;1.62544;0.0173497;2166.14
6905;56.7959;5168.76;1.62056;0.0176069;2149.07
6930;55.0058;5033.47;1.60952;0.0181799;2124.58
6955;57.261;5534.98;1.6161;0.0174639;2146.61
6980;53.9383;4940.01;1.60702;0.0185397;2159.29
7005;55.3597;5168.17;1.61285;0.0180637;2143.94
7030;61.2484;6559.67;1.63314;0.016327;2244.92
7055;52.8852;5054.78;1.59419;0.0189089;2138.04
7080;64.7102;10246.1;1.62825;0.0154535;2269.54
7105;55.894;5294.36;1.61942;0.017891;2195.69
7130;55.202;5102.7;1.60757;0.0181153;2214.39
7155;62.2602;7442.86;1.6355;0.0160616;2238.14
7180;70.0202;14586;1.63538;0.0142816;2322.96
7205;55.5105;5046.26;1.62276;0.0180146;2336.44
7230;52.5256;4954.34;1.5971;0.0190383;2177.78
7255;61.7843;8363.7;1.60414;0.0161853;2295.42
7280;58.8251;6141.86;1.63819;0.0169995;2272.14
7305;55.7589;5767.65;1.60657;0.0179343;2232.67
7330;60.2207;6749.68;1.62442;0.0166056;2348.68
7355;55.3225;5227.18;1.60802;0.0180758;2292.56
7380;63.1439;6393.89;1.65678;0.0158368;2373.46
7405;58.9444;5633.04;1.63322;0.0169652;2328.7
7430;58.4213;5879.41;1.62759;0.0171171;2303.36
7455;52.3575;5029.93;1.59745;0.0190995;2212.94
7480;55.1575;5386.24;1.60682;0.0181299;2309.72
7505;50.909;4830.9;1.58321;0.0196429;2238.28
7530;57.477;5359.6;1.62829;0.0173983;2362.64
7555;56.3345;5361.02;1.6139;0.0177511;2363.12
7580;55.8092;5222.16;1.62084;0.0179182;2349.08
7605;49.7261;4950.38;1.56397;0.0201102;2274.39
7630;54.7868;6358.13;1.6076;0.0182526;2353.86
7655;53.06;5146.91;1.60496;0.0188466;2327.54
7680;52.4289;5119.83;1.58411;0.0190734;2340.85
7705;57.8345;5652.11;1.62648;0.0172907;2377.63
7730;56.8395;5486.67;1.62173;0.0175934;2453.8
7755;52.1518;5023.5;1.60052;0.0191748;2309.42
7780;53.753;5201.23;1.59974;0.0186036;2393.2
7805;57.3734;5433.11;1.6255;0.0174297;2414.59
7830;55.663;7921.09;1.59246;0.0179653;2339.88
7855;54.2363;5257.76;1.60013;0.0184378;2391.81
7880;58.4744;5751.32;1.61764;0.0171015;2518.16
7905;61.2412;5944.1;1.64061;0.0163289;2576.84
7930;57.1855;5588.35;1.6227;0.017487;2489.55
7955;58.3902;7237.39;1.60679;0.0171262;2474.74
7980;54.3102;5452.68;1.60213;0.0184128;2438.14
8005;60.2235;8157.94;1.6045;0.0166048;2475.2
8030;59.3017;5756.69;1.63599;0.0168629;2575.33
8055;52.1042;5222.98;1.58932;0.0191923;2459.22
8080;58.2646;5988.49;1.61807;0.0171631;2518.99
8105;59.7081;5831.24;1.62825;0.0167482;2578.77
8130;58.6344;6520.69;1.62103;0.0170548;2557.41
8155;55.7354;5477.19;1.61128;0.0179419;2555.61
8180;53.3825;5261.46;1.59829;0.0187327;2503.8
8205;59.4165;5890.5;1.64217;0.0168304;2574.35
8230;60.3453;6024.58;1.64131;0.0165713;2677.18
8255;55.3855;5540.7;1.6212;0.0180553;2515.58
8280;53.8529;5409.25;1.59674;0.0185691;2523.88
8305;54.6287;5480.86;1.59856;0.0183054;2604.53
8330;51.8234;5256.11;1.57755;0.0192963;2501.51
8355;60.9513;6103.58;1.64057;0.0164065;2687.26
8380;54.1621;5637.09;1.58842;0.0184631;2586.48
8405;57.3124;5876.68;1.62035;0.0174482;2625.94
8430;57.9288;6639.97;1.61613;0.0172626;2635.44
8455;57.0273;5625.7;1.63099;0.0175355;2675.9
8480;55.5945;5572.63;1.61368;0.0179874;2610.04
8505;56.4063;5976.52;1.61529;0.0177285;2666.32
8530;57.2566;5846.26;1.61547;0.0174652;2704.02
8555;53.3387;5648.75;1.5993;0.0187481;2602.1
8580;51.6892;5310.27;1.57331;0.0193464;2638.28
8605;57.8049;5877.43;1.62568;0.0172996;2700.08
8630;57.6074;5733.35;1.63557;0.0173589;2688.65
8655;52.607;5495.09;1.59746;0.0190089;2641.26
8680;55.756;6635.36;1.60749;0.0179353;2694.94
8705;53.7928;5489.98;1.59759;0.0185899;2705.45
8730;55.4402;5830.52;1.61145;0.0180375;2696.06
8755;55.0434;5625;1.60434;0.0181675;2736.9
8780;56.1214;5741.21;1.6156;0.0178185;2731.06
8805;59.5763;5970.48;1.65009;0.0167852;2773.27
8830;53.5475;5371.12;1.6171;0.018675;2764.88
8855;52.0962;5297.64;1.60757;0.0191953;2717.18
8880;48.268;4955.66;1.5875;0.0207177;2657.14
8905;61.8557;9479.15;1.61965;0.0161667;2846.85
8930;53.1639;5683.41;1.58343;0.0188097;2713.73
8955;52.4538;5469.55;1.58693;0.0190644;2757.29
8980;59.0572;6904.37;1.63096;0.0169327;2790.27
9005;54.6542;5614.16;1.61233;0.0182969;2792.65
9030;53.876;5640.53;1.60022;0.0185612;2769.41
9055;59.4846;6125.1;1.63512;0.0168111;2897.69
9080;57.7725;5868.37;1.63227;0.0173093;2862.96
9105;49.5634;5188.32;1.58254;0.0201762;2694.24
9130;53.1092;5865.23;1.58631;0.0188291;2765.44
9155;57.8807;6028.1;1.62338;0.0172769;2928.12
9180;59.0569;6660.76;1.62571;0.0169328;2907.61
9205;53.7995;5577.2;1.59957;0.0185875;2820.41
9230;52.0195;5486.49;1.59155;0.0192236;2736.62
9255;55.7116;5805.79;1.61448;0.0179496;2878.52
9280;49.3557;5529.73;1.56929;0.0202611;2721.91
9305;55.8792;5802.83;1.61257;0.0178957;2875.69
9330;58.1973;7067.88;1.61919;0.0171829;2900.99
9355;54.5494;5824.97;1.60577;0.018332;2874.02
9380;50.559;5421.88;1.57868;0.0197789;2804.53
9405;52.9195;5649.6;1.58969;0.0188966;2830.69
9430;56.7719;6240.77;1.61803;0.0176143;2960.46
9455;57.5978;6176.22;1.62485;0.0173618;2942.82
9480;55.0694;5868.32;1.6115;0.0181589;2891.99
9505;52.8452;5646.62;1.59527;0.0189232;2891.55
9530;57.6598;6599.49;1.61605;0.0173431;3033.49
9555;58.107;6158.85;1.6337;0.0172096;3034.56
9580;56.559;6126.99;1.61441;0.0176807;2975.96
9605;57.9834;6359.85;1.62946;0.0172463;2989.04
9630;49.4568;5671.85;1.5675;0.0202197;2834.45
9655;54.8247;5818.58;1.61709;0.01824;2942.25
9680;57.8345;6339.01;1.61932;0.0172907;3044.34
9705;51.6089;5613.43;1.58331;0.0193765;2956.27
9730;55.6059;6024.52;1.61871;0.0179837;3012.2
9755;54.4999;5933.33;1.60195;0.0183486;2979.26
9780;57.7679;6404.79;1.61963;0.0173107;3065.96
9805;57.1874;7277.4;1.60051;0.0174864;3093.49
9830;55.6049;6250.27;1.60285;0.017984;3051.09
9855;52.8535;5728.77;1.5999;0.0189202;2996.97
9880;57.2185;6035.45;1.63715;0.0174769;3142.56
9905;60.0282;8386.99;1.6207;0.0166588;3123.44
9930;57.0094;6150.49;1.62115;0.017541;3101.15
9955;56.4743;6033.58;1.62883;0.0177072;3101.7
9980;51.7946;5658.01;1.58858;0.019307;3036.62
10005;54.1555;5943.21;1.6041;0.0184653;3105.88
10030;56.5361;6236.08;1.61486;0.0176878;3192.37
10055;56.5592;6186.91;1.62894;0.0176806;3141.09
10080;53.23;5823.55;1.59752;0.0187864;3080.31
10105;57.2841;7004.23;1.61712;0.0174568;3173.82
10130;58.3622;6331.65;1.64018;0.0171344;3218.73
10155;57.2006;6313.91;1.61034;0.0174823;3213.52
10180;55.4434;6040.48;1.62289;0.0180364;3132.4
10205;63.7795;10638.1;1.64292;0.015679;3296.3
10230;56.8437;6188.39;1.62336;0.0175921;3240.76
10255;59.301;7281.02;1.6234;0.0168631;3247.1
10280;61.4854;6737.05;1.65049;0.016264;3322.55
10305;57.2398;6574.46;1.61902;0.0174704;3282.59
10330;57.2844;6343.13;1.62769;0.0174568;3265.15
10355;60.7422;6739.72;1.645;0.016463;3331.78
10380;60.9703;6625.98;1.64875;0.0164014;3325.42
10405;55.3899;6140.34;1.61;0.0180538;3255.03
10430;57.423;6260.56;1.6255;0.0174146;3348.39
10455;50.1839;5548.38;1.58317;0.0199267;3122.86
10480;38.025;4453.8;1.50592;0.0262985;2862.98
10505;54.8684;6663.35;1.60866;0.0182254;3256.97
10530;38.1768;4157.9;1.50446;0.0261939;2871.79
10555;42.1988;6080.77;1.51871;0.0236974;2966.61
10580;58.8251;6794.93;1.6258;0.0169995;3338.88
10605;62.931;8317.94;1.63998;0.0158904;3447.32
10630;55.0071;6361.75;1.60357;0.0181795;3270.75
10655;55.8221;6407.46;1.61624;0.017914;3315.58
10680;58.4259;6577.71;1.63165;0.0171157;3416.73
10705;57.5947;6368.63;1.63382;0.0173627;3335.81
10730;58.7822;6583.12;1.63551;0.017012;3415.75
10755;59.5991;6720.27;1.64361;0.0167788;3386.83
10780;57.4439;6520.63;1.62718;0.0174083;3399.56
10805;58.5286;6683.96;1.63174;0.0170857;3418.85
10830;55.2794;6282.96;1.60351;0.0180899;3303.95
10855;41.5501;5177.71;1.51967;0.0240673;3092.44
10880;55.1487;6166.36;1.62665;0.0181328;3403.65
10905;58.718;7441.04;1.62962;0.0170305;3422.14
10930;58.7081;6663.96;1.62617;0.0170334;3492.87
10955;59.2353;6673.67;1.63259;0.0168818;3507.51
10980;52.1401;5849.53;1.60337;0.0191791;3350.22
11005;53.9695;6183.01;1.60291;0.018529;3398.52
11030;39.9547;4661.56;1.50961;0.0250284;3059.01
11055;3705.59;1.91666e+06;1.65952;0.000269863;9283.93
11080;55.9832;6778.04;1.61561;0.0178625;3418.19
11105;56.8689;10972;1.581;0.0175843;3362.69
11130;48.2653;5561.38;1.58724;0.0207188;3306.46
11155;54.8198;6311.01;1.61076;0.0182416;3440.97
11180;60.4629;7579.4;1.63542;0.0165391;3585.36
11205;64.455;11591.1;1.63775;0.0155147;3617.11
11230;57.0081;6640.47;1.60962;0.0175414;3519.37
11255;53.838;6192.46;1.60373;0.0185742;3469.7
11280;58.6735;6673.79;1.63298;0.0170435;3595.77
11305;53.0416;6202.53;1.59416;0.0188531;3488.62
11330;58.2762;6715.69;1.63124;0.0171597;3549.64
11355;56.5266;6503.47;1.62959;0.0176908;3505.96
11380;52.574;6295.66;1.58392;0.0190208;3386.28
11405;55.3668;6901.52;1.62552;0.0180614;3665.46
11430;53.339;6123.25;1.62397;0.018748;3547.36
11455;52.0355;6091.3;1.59424;0.0192176;3398.48
11480;52.5883;6283.36;1.57927;0.0190156;3465.48
11505;58.4894;6755.14;1.63329;0.0170971;3636.61
11530;59.5019;7112.61;1.63894;0.0168062;3617.51
11555;55.8355;7016.94;1.61757;0.0179098;3570.97
11580;57.4675;6582.02;1.63523;0.0174011;3647.24
11605;58.4169;6710.26;1.63809;0.0171183;3691.62
11630;56.1531;6546.66;1.61625;0.0178084;3635.6
11655;59.7267;6839.65;1.65131;0.0167429;3741.29
11680;61.5283;12774.9;1.61695;0.0162527;3661.41
11705;39.315;4553.2;1.52072;0.0254356;3206.47
11730;55.4399;6502.48;1.61185;0.0180376;3665.39
11755;61.8029;7179.49;1.65036;0.0161805;3819.57
11780;58.0739;6756.93;1.63107;0.0172194;3772.67
11805;58.0043;6713.67;1.64557;0.0172401;3686.11
11830;60.0298;7384.56;1.63694;0.0166584;3808.88
11855;48.9943;5973.29;1.57107;0.0204106;3489.8
11880;59.0883;6851.15;1.63552;0.0169238;3801.51
11905;61.1857;7092.48;1.65292;0.0163437;3872.53
11930;59.5325;6929.55;1.63965;0.0167975;3879.46
11955;61.3557;11613.2;1.6404;0.0162984;3786.76
11980;57.2055;6711.46;1.63214;0.0174808;3744.29
12005;59.758;7062.81;1.64598;0.0167342;3789.67
12030;63.2643;7733.71;1.65004;0.0158067;3919.48
12055;66.4647;8318.36;1.65964;0.0150456;3967.14
12080;61.163;7378.61;1.65513;0.0163498;3836.84
12105;60.9573;7761.65;1.64626;0.0164049;3883.04
12130;52.3139;7325.78;1.58607;0.0191154;3616.2
12155;61.6677;7252.43;1.65553;0.0162159;3920.08
12180;61.016;7351.32;1.63645;0.0163891;3976.7
12205;59.4465;7109.19;1.63785;0.0168218;3893.16
12230;60.0901;7151.41;1.64497;0.0166417;3910.55
12255;62.9556;7659.64;1.64031;0.0158842;3997.93
12280;60.7484;7196.85;1.64837;0.0164613;3915.1
12305;60.3549;7182.82;1.64348;0.0165687;3905.77
12330;60.7441;7327.15;1.64655;0.0164625;3988.95
12355;64.5384;8220.58;1.64411;0.0154946;4047.81
12380;59.2215;6990.46;1.64144;0.0168858;3934.38
12405;61.801;7665.16;1.6557;0.016181;3985.41
12430;61.5124;7421.28;1.65527;0.0162569;4025.93
12455;61.9415;7668.52;1.64849;0.0161443;4037.12
12480;54.5988;7949.59;1.58654;0.0183154;3831.37
12505;56.7168;6773.41;1.63719;0.0176315;3990.43
12530;57.8603;7046.93;1.63943;0.017283;3895.22
12555;60.0103;7168.18;1.64962;0.0166638;3967.6
12580;61.8056;8026.7;1.64237;0.0161798;4020.42
12605;62.6094;7916.69;1.65426;0.0159721;4064.44
12630;61.3489;7367.15;1.65305;0.0163002;4136.28
12655;59.5428;7388.64;1.64923;0.0167946;4001.95
12680;61.4791;7371.09;1.65465;0.0162657;4018.75
12705;60.1159;7207.04;1.64675;0.0166345;4050.87
12730;62.75;8682.89;1.64328;0.0159363;4186.88
12755;58.8303;7168.66;1.64845;0.016998;4052.37
12780;60.3326;7354.95;1.64883;0.0165748;4135.23
12805;56.1495;6725.33;1.63834;0.0178096;4132.58
12830;55.5668;6727.14;1.63453;0.0179964;4091.1
12855;62.2426;7918.63;1.65842;0.0160662;4155.83
12880;58.3457;7187.36;1.63944;0.0171392;4235.99
12905;59.7797;7311.73;1.64401;0.0167281;4180.78
12930;60.864;8266.68;1.63975;0.0164301;4197.69
12955;61.3305;7411.25;1.66137;0.0163051;4172.57
12980;61.6103;8650.66;1.6319;0.016231;4137.52
13005;59.4984;7195.26;1.64821;0.0168072;4111.91
13030;59.0204;7768.94;1.63054;0.0169433;4112.36
13055;50.7259;6610.24;1.56155;0.0197138;3848.09
13080;65.5764;9453.76;1.66651;0.0152494;4235.15
13105;63.6983;8460.53;1.66074;0.015699;4264.9
13130;60.2316;7327.38;1.64318;0.0166026;4250.5
13155;61.3008;7452.39;1.65025;0.016313;4260.41
13180;62.6183;7796.64;1.64932;0.0159698;4281.53
13205;67.3368;9153.55;1.64824;0.0148507;4456.05
13230;61.1772;8552.64;1.65163;0.0163459;4210.99
13255;60.2942;8242.67;1.64647;0.0165854;4218.66
13280;59.8316;7512.24;1.63916;0.0167136;4246.7
13305;61.1275;7483.4;1.65216;0.0163593;4281.48
13330;57.9353;7099.4;1.63338;0.0172606;4259.7
13355;58.9136;7245.94;1.65421;0.016974;4223.77
13380;59.5916;7346.38;1.64193;0.0167809;4262.96
13405;65.0307;8748;1.66311;0.0153773;4367.48
13430;58.7057;7286.55;1.6411;0.0170341;4243.97
13455;59.6682;7345.54;1.64266;0.0167593;4348.02
13480;60.0739;7420.8;1.64859;0.0166462;4313.94
13505;57.7297;7252.34;1.62147;0.0173221;4220.96
13530;57.2756;7174.28;1.61744;0.0174594;4274.7
13555;59.4519;7335.74;1.64707;0.0168203;4319.01
13580;58.2206;7306.79;1.64536;0.017176;4211.95
13605;60.4301;7460.24;1.64675;0.0165481;4381.94
13630;59.9405;7509.65;1.63962;0.0166832;4451.82
13655;57.3979;7198.36;1.62446;0.0174222;4391.95
13680;60.0035;7493.16;1.64737;0.0166657;4351.14
13705;59.9804;8078.35;1.63451;0.0166721;4308.9
13730;62.3205;8299.5;1.65856;0.0160461;4488.98
13755;57.2952;7203.23;1.63533;0.0174535;4339.8
13780;57.9206;7277.1;1.63164;0.017265;4393.8
13805;59.484;7469.61;1.64679;0.0168113;4374.14
13830;60.3336;7512.31;1.65105;0.0165745;4469.28
13855;59.9902;7649.11;1.64857;0.0166694;4450.79
13880;59.8028;7501.97;1.6379;0.0167216;4464.65
13905;59.4057;7511.13;1.64164;0.0168334;4464.27
13930;62.5053;8907.48;1.64386;0.0159986;4488.48
13955;61.7023;8138.17;1.65955;0.0162069;4558.82
13980;52.6668;6730.49;1.60329;0.0189873;4330.94
14005;60.1267;7608.92;1.64905;0.0166316;4455.07
14030;62.983;8191.79;1.65624;0.0158773;4532.92
14055;59.0638;7489.29;1.63714;0.0169308;4519.42
14080;59.8534;7549.99;1.65504;0.0167075;4403.61
14105;63.1991;8412.33;1.65381;0.015823;4571.72
14130;59.306;7517.51;1.64013;0.0168617;4457.3
14155;63.019;8654.61;1.64564;0.0158682;4616.23
14180;60.1936;7600.66;1.65564;0.0166131;4552.26
14205;65.6805;9242.24;1.65315;0.0152252;4661.46
14230;60.9136;7787.39;1.66353;0.0164167;4563.08
14255;62.2582;8416.96;1.64974;0.0160622;4579.46
14280;58.748;7500.92;1.64412;0.0170218;4497.99
14305;66.9297;10140.3;1.6625;0.0149411;4704.12
14330;63.164;8761.31;1.6529;0.0158318;4691.84
14355;62.1493;8265.44;1.648;0.0160903;4641.25
14380;62.3381;8654.71;1.65362;0.0160416;4625.28
14405;59.3909;7553.91;1.64235;0.0168376;4571.36
14430;59.2863;7978.29;1.62585;0.0168673;4505.66
14455;62.3496;8202.71;1.65742;0.0160386;4687.48
14480;60.3903;7806;1.64655;0.0165589;4687.99
14505;61.7193;8445.13;1.64467;0.0162024;4634.63
14530;62.636;8056.48;1.66173;0.0159653;4685.94
14555;63.4631;8946.84;1.6505;0.0157572;4760.96
14580;57.0667;7694.23;1.62071;0.0175233;4541.64
14605;58.1976;9177.94;1.60315;0.0171828;4602.99
14630;61.3374;7928.7;1.65044;0.0163033;4726.81
14655;56.9643;7381.46;1.62682;0.0175549;4620.34
14680;59.5605;7705.16;1.64278;0.0167897;4720.23
14705;59.0368;7597.64;1.644;0.0169386;4726.98
14730;61.4556;8022.04;1.65139;0.0162719;4732.21
14755;61.1113;8237.97;1.64487;0.0163636;4731.42
14780;62.9813;8524.68;1.65737;0.0158777;4822.68
14805;60.157;8350.82;1.64289;0.0166232;4765.74
14830;76.9911;28296;1.67175;0.0129885;4893.65
14855;60.9662;8820.57;1.64403;0.0164025;4800.43
14880;61.5567;8371.57;1.65941;0.0162452;4731.2
14905;61.226;8546.43;1.64488;0.0163329;4782.39
14930;58.8246;8518.74;1.62237;0.0169997;4733.64
14955;61.7054;8560.96;1.6545;0.016206;4784.35
14980;62.7535;8746.28;1.6508;0.0159354;4871.95
15005;60.2445;7848.63;1.64885;0.016599;4859.74
15030;59.9079;8384.12;1.63719;0.0166923;4838.8
15055;64.4699;8797.11;1.65938;0.0155111;4921.76
15080;60.5052;8053.84;1.64105;0.0165275;4841.31
15105;57.6701;7540.21;1.63323;0.01734;4768.66
15130;59.5753;7875.62;1.64336;0.0167855;4888.17
15155;63.3193;8916.97;1.65035;0.015793;4853.91
15180;61.648;8390.01;1.6498;0.0162211;4831.93
15205;64.3011;8704.36;1.66399;0.0155518;4993.62
15230;57.1148;7927.56;1.61602;0.0175086;4758.84
15255;66.1137;9533.89;1.66418;0.0151255;4990.51
15280;52.0531;7423.05;1.57598;0.0192112;4576.85
15305;58.8399;7936.3;1.62764;0.0169953;4948.4
15330;61.4698;8353.15;1.6484;0.0162682;4892.7
15355;58.8268;7996.75;1.62826;0.0169991;4841.61
15380;63.0706;9243.11;1.65644;0.0158552;4972.75
15405;60.3307;8248.98;1.65063;0.0165753;4870.8
15430;58.6772;8273.28;1.64316;0.0170424;4887.96
15455;62.2221;9943.61;1.64426;0.0160715;4938.61
15480;53.4024;7796.12;1.57035;0.0187258;4664.53
15505;61.3223;8475.41;1.64347;0.0163073;5054.91
15530;57.8781;7690.72;1.63297;0.0172777;4869.01
15555;61.8815;9035.29;1.63928;0.0161599;5020.55
15580;61.1789;8241.19;1.64942;0.0163455;4991.04
15605;61.7702;8404.51;1.65043;0.016189;5063.65
15630;61.8092;8646.24;1.64536;0.0161788;4983.83
15655;59.1735;10144.2;1.61373;0.0168995;4899.76
15680;61.0227;8219.84;1.65236;0.0163873;5033.45
15705;58.1982;7959.4;1.61936;0.0171827;4933.03
15730;59.9247;8103.32;1.63973;0.0166876;4994.81
15755;53.4228;7653.93;1.58166;0.0187186;4760.6
15780;58.7586;8159.94;1.63473;0.0170188;4992.32
15805;58.8785;7927.44;1.63784;0.0169841;5007.06
15830;65.0512;10243.7;1.65237;0.0153725;5166.09
15855;62.2927;9979.39;1.63368;0.0160533;5079.99
15880;57.1916;8361.01;1.61574;0.0174851;5008.8
15905;58.5811;7900.76;1.63703;0.0170703;5057.02
15930;61.4114;8406.49;1.65235;0.0162836;5080.63
15955;61.1957;8360.6;1.64525;0.016341;5178.8
15980;57.4541;7771;1.62816;0.0174052;4982.93
16005;61.1333;9072.5;1.63193;0.0163577;5062.21
16030;57.6381;7819.38;1.63175;0.0173496;5060.23
16055;66.9634;11439.5;1.66073;0.0149335;5255.08
16080;62.7143;8684.21;1.66206;0.0159453;5114.22
16105;57.5277;7816.46;1.62956;0.0173829;5065.29
16130;59.4961;8293.52;1.6429;0.0168078;5133.95
16155;57.7402;8139.98;1.63813;0.017319;5012.97
16180;61.0277;9013.02;1.64184;0.016386;5159.66
16205;59.7222;8070.24;1.63974;0.0167442;5235.47
16230;58.7075;8074.48;1.63155;0.0170336;5191.32
16255;59.6584;9253.04;1.63261;0.0167621;5064.32
16280;57.9541;7902.97;1.63686;0.017255;5127.61
16305;58.372;7951.69;1.62833;0.0171315;5175.36
16330;60.7246;8216.63;1.65395;0.0164678;5288.3
16355;57.5998;7946.62;1.62293;0.0173612;5183.61
16380;58.5892;7986.01;1.64475;0.017068;5175.21
16405;60.7998;8687.23;1.64889;0.0164474;5232.51
16430;65.0878;9611.49;1.66573;0.0153639;5280.79
16455;60.4049;9705.32;1.64145;0.0165549;5214.16
16480;56.6893;7980.86;1.63052;0.01764;5258.76
16505;61.9741;9110.8;1.64986;0.0161358;5297.17
16530;59.5737;8117.76;1.64404;0.0167859;5300.62
16555;55.4218;8460.81;1.59619;0.0180434;5055.19
16580;60.4163;8870;1.63848;0.0165518;5249.43
16605;59.7021;8218.67;1.64848;0.0167498;5268.27
16630;59.793;8997.75;1.63037;0.0167244;5263.65
16655;67.1146;20054.4;1.64143;0.0148999;5367.46
16680;54.277;8370.94;1.59664;0.018424;5102.39
16705;57.419;7946.54;1.6255;0.0174158;5279.92
16730;61.5107;8455.51;1.65589;0.0162573;5409.39
16755;59.9726;8983.79;1.62871;0.0166743;5266.4
16780;62.8078;9824.69;1.63433;0.0159216;5371.4
16805;61.7149;8596.08;1.65171;0.0162035;5369.88
16830;56.6339;7929.96;1.62151;0.0176573;5243.2
16855;57.5446;8013.63;1.62741;0.0173778;5298.03
16880;58.0277;8237.93;1.62838;0.0172332;5337.34
16905;59.647;8687.51;1.63141;0.0167653;5341.7
16930;57.0317;7956.8;1.62859;0.0175341;5331.73
16955;65.5288;11250.7;1.6486;0.0152605;5519.03
16980;61.4177;8981.24;1.64305;0.016282;5465.36
17005;61.2336;8727.54;1.65251;0.0163309;5541.22
17030;60.9329;10210;1.63717;0.0164115;5426.76
17055;51.8572;7699.04;1.57543;0.0192837;5080.47
17080;59.3718;9089.42;1.64016;0.016843;5412
17105;58.9027;8706.26;1.6235;0.0169772;5394.68
17130;60.3304;9924.09;1.62633;0.0165754;5445.09
17155;55.0628;7809.75;1.61609;0.0181611;5311.86
17180;57.2936;8105.73;1.62742;0.017454;5423.21
17205;64.6737;12289.4;1.64162;0.0154622;5563.25
17230;58.0364;8708.02;1.63442;0.0172306;5417.78
17255;55.8585;7965.78;1.61455;0.0179024;5463.5
17280;73.1205;32023.6;1.62546;0.0136761;5609.85
17305;59.6151;8721.06;1.64334;0.0167743;5475.07
17330;56.64;7941.4;1.63728;0.0176554;5473.27
17355;62.3634;9024.05;1.65082;0.016035;5668.72
17380;59.6251;8823.31;1.63464;0.0167714;5572.94
17405;41.3455;6204.65;1.52778;0.0241864;4878.42
17430;57.1665;8124.44;1.63373;0.0174928;5524.92
17455;60.1783;8860.7;1.63397;0.0166173;5601.36
17480;62.0821;9470.03;1.64371;0.0161077;5670.61
17505;59.1391;8380.4;1.63513;0.0169093;5603.93
17530;61.7511;9552.78;1.65231;0.016194;5732.68
17555;61.2966;9105;1.64494;0.0163141;5629.28
17580;67.736;20322.8;1.6397;0.0147632;5783.68
17605;41.7627;6247.82;1.53036;0.0239448;4950.09
17630;54.6236;7852.84;1.61707;0.0183071;5490.67
17655;57.6037;8399.61;1.63274;0.01736;5529.65
17680;57.2238;8192.3;1.62845;0.0174753;5472.54
17705;55.4852;7929.77;1.63366;0.0180228;5558.35
17730;60.576;8569.97;1.64839;0.0165082;5718.81
17755;50.8465;7405.59;1.58845;0.019667;5311.96
17780;47.3207;6962.51;1.56254;0.0211324;5294.58
17805;43.5905;6405.09;1.54097;0.0229408;5025.73
17830;61.4773;9159.39;1.64436;0.0162662;5749.76
17855;60.2644;8774.67;1.63736;0.0165936;5728.23
17880;58.8292;9072.16;1.62796;0.0169984;5663.94
17905;61.6103;9235.73;1.64563;0.016231;5725.76
17930;59.3549;9024.41;1.62644;0.0168478;5631.29
17955;67.3116;20878.3;1.64339;0.0148563;5741.1
17980;58.4961;8465.74;1.63877;0.0170952;5645.29
18005;58.6673;8834.29;1.63727;0.0170453;5683.83
18030;59.6145;10515.8;1.62668;0.0167744;5711.57
18055;60.6559;8837.92;1.65024;0.0164864;5730.91
18080;57.3136;8363.64;1.62489;0.0174479;5658.62
18105;59.2976;9010.63;1.62342;0.0168641;5728.89
18130;60.442;12771.7;1.6305;0.0165448;5760.96
18155;57.5923;8279.68;1.62666;0.0173634;5728.65
18180;58.2646;9076.17;1.62343;0.0171631;5763.25
18205;60.9374;8991.41;1.64098;0.0164103;5855.84
18230;61.0484;9639.7;1.63637;0.0163805;5786.12
18255;72.093;29581.1;1.60761;0.013871;5825.33
18280;57.6414;8681.85;1.62615;0.0173486;5735.48
18305;60.2393;8685.06;1.63911;0.0166005;5908.07
18330;38.3481;5697.57;1.50851;0.0260769;5024.54
18355;50.2956;7449.36;1.58311;0.0198824;5496.13
18380;60.3924;9199.17;1.63069;0.0165584;5891.08
18405;55.8474;8182.76;1.62037;0.0179059;5744.16
18430;61.2805;10468.5;1.64574;0.0163184;5796.62
18455;57.6669;8373.31;1.63712;0.017341;5770.85
18480;57.4564;8444.69;1.63203;0.0174045;5829.67
18505;55.9712;10246.7;1.61697;0.0178663;5790.66
18530;59.533;8777.3;1.63341;0.0167974;5828.69
18555;52.3584;8166.37;1.59245;0.0190991;5596.7
18580;60.4082;9385.57;1.64053;0.016554;5888.42
18605;60.0617;8907.16;1.63789;0.0166495;5964.73
18630;71.8249;27679.5;1.64756;0.0139227;6138.72
18655;59.3341;9160.56;1.63382;0.0168537;5914.02
18680;56.8317;8972.1;1.63351;0.0175958;5761.12
18705;51.6585;7739.09;1.59465;0.0193579;5787.17
18730;44.4618;6843.16;1.54218;0.0224912;5383.62
18755;62.1034;9297.03;1.64991;0.0161022;6055.05
18780;58.4587;8607.04;1.64744;0.0171061;6040.08
18805;61.5812;9033.64;1.65089;0.0162387;6035.86
18830;63.6114;9278.79;1.66203;0.0157204;6186.76
18855;64.7757;15109.2;1.64328;0.0154379;6181.73
18880;60.2401;9026.28;1.63575;0.0166002;6025
18905;65.5076;10319.2;1.6576;0.0152654;6254.7
18930;61.5685;10881.4;1.63534;0.0162421;6026.22
18955;60.6975;9275.24;1.63751;0.0164751;6045.45
18980;62.3444;9226.4;1.65448;0.0160399;6117.25
19005;56.3765;8398.16;1.618;0.0177379;5928.88
19030;70.9875;27119.1;1.64314;0.014087;6231.64
19055;61.9996;9926.11;1.6423;0.0161291;6062.55
19080;60.991;9245.81;1.64408;0.0163959;6078.49
19105;59.0538;8808.85;1.64585;0.0169337;6148.28
19130;58.952;8772.17;1.66032;0.0169629;6138.11
19155;63.9454;9513.95;1.66249;0.0156383;6341.1
19180;62.2595;9251.9;1.6586;0.0160618;6223.19
19205;66.5426;10088.8;1.66608;0.015028;6341.73
19230;59.972;8890.65;1.6389;0.0166744;6219.44
19255;59.3593;9345.49;1.63672;0.0168466;6170.45
19280;58.5292;8848.04;1.62951;0.0170855;6052.88
19305;56.7415;8421.53;1.64232;0.0176238;6231.42
19330;58.9246;9055.04;1.64283;0.0169708;6218.54
19355;63.952;10367.5;1.66117;0.0156367;6258.15
19380;56.0429;8522.72;1.60944;0.0178435;6003.84
19405;58.0644;8756;1.63499;0.0172223;6090.41
19430;63.3297;9413.33;1.66016;0.0157904;6331.49
19455;64.8212;10263.6;1.65891;0.0154271;6453.26
19480;63.2578;9953.68;1.6521;0.0158083;6295.77
19505;64.1019;9671.81;1.66993;0.0156002;6342.07
19530;66.913;17454.4;1.6531;0.0149448;6410.85
19555;58.2235;9000.55;1.62572;0.0171752;6113.71
19580;64.0445;9677.38;1.66103;0.0156141;6439.62
19605;61.2626;9766.12;1.6432;0.0163232;6296.07
19630;62.5107;9357.22;1.65746;0.0159973;6504.96
19655;56.8432;8520.89;1.64442;0.0175922;6245.87
19680;61.0179;9515.23;1.6469;0.0163886;6356.7
19705;58.1582;9589.55;1.64633;0.0171945;6283.29
19730;61.6323;9329.99;1.64034;0.0162253;6448.92
19755;56.7778;8564.14;1.6324;0.0176125;6132.88
19780;52.5885;8040.3;1.59692;0.0190156;5995.1
19805;52.1188;8122.61;1.58783;0.0191869;5979
19830;57.2221;8651.87;1.62784;0.0174758;6273.64
19855;58.7409;9773.39;1.63118;0.0170239;6242.76
19880;56.9869;8649.33;1.62892;0.0175479;6233.26
19905;58.6321;8855.02;1.6321;0.0170555;6284.49
19930;56.4711;8897.41;1.61867;0.0177082;6246.76
19955;38.6198;6299.94;1.50749;0.0258935;5482.06
19980;60.3362;9465.1;1.63929;0.0165738;6367.22
20005;60.0019;9317.17;1.63894;0.0166661;6429.09
20030;51.951;7971.3;1.59386;0.0192489;6077.32
20055;59.7944;9291.37;1.64039;0.016724;6417.48
20080;57.6379;8806.66;1.62943;0.0173497;6335.22
20105;58.443;8844.32;1.6383;0.0171107;6344.11
20130;101.473;83065.2;1.63512;0.00985479;6868.22
20155;59.1184;9439.36;1.63632;0.0169152;6375.88
20180;57.8345;9372.44;1.62889;0.0172907;6335.76
20205;58.2641;9115.01;1.62559;0.0171632;6354.24
20230;56.8395;9082.33;1.61364;0.0175934;6378.04
20255;56.2387;9185.45;1.62538;0.0177814;6247.1
20280;55.2641;8438.06;1.61918;0.0180949;6315.04
20305;59.3115;9081.79;1.64295;0.0168602;6421.47
20330;57.1523;9272.58;1.62317;0.0174971;6341.46
20355;57.8658;9332.17;1.6281;0.0172814;6443.86
20380;60.1879;9771.65;1.6394;0.0166146;6494.64
20405;58.8842;9996.53;1.61627;0.0169825;6473.06
20430;49.4986;7826.36;1.56657;0.0202026;6108.21
20455;54.1149;8463.97;1.60572;0.0184792;6252.07
20480;57.6567;9126.94;1.62935;0.017344;6474.59
20505;58.7832;9478.2;1.62614;0.0170117;6457.15
20530;57.5297;9436.25;1.60604;0.0173823;6438.48
20555;58.911;9476.43;1.62564;0.0169748;6527.78
20580;57.7975;11034.6;1.60709;0.0173018;6495.55
20605;57.3702;8941.75;1.63698;0.0174307;6454.98
20630;55.667;8554.95;1.62012;0.017964;6436.32
20655;56.4162;9199.09;1.60629;0.0177254;6368.73
20680;52.6172;8180.58;1.61214;0.0190052;6376.88
20705;57.012;9233.79;1.61744;0.0175402;6556.2
20730;59.3232;9988.77;1.62465;0.0168568;6615.12
20755;56.1154;9636.61;1.61055;0.0178204;6381.77
20780;60.8325;20492.3;1.61064;0.0164386;6491.87
20805;59.7735;9166.16;1.65138;0.0167298;6595.68
20830;58.0051;10188.5;1.6325;0.0172399;6584.63
20855;55.1083;8730.12;1.60724;0.0181461;6424.26
20880;59.0012;9603.01;1.62447;0.0169488;6594.68
20905;60.8479;12121.7;1.61956;0.0164344;6691.52
20930;58.58;10844.5;1.62007;0.0170707;6594.22
20955;59.2189;9495.13;1.63321;0.0168865;6615.33
20980;57.0439;9412.9;1.61835;0.0175304;6527.9
21005;57.8561;9035.78;1.62614;0.0172843;6545.46
21030;58.5924;9060.06;1.63742;0.0170671;6681.77
21055;54.7173;8565.9;1.61406;0.0182758;6473.06
21080;54.1524;8567.02;1.61067;0.0184664;6435.01
21105;56.9705;9225.01;1.61848;0.0175529;6549.17
21130;60.2341;10005.6;1.63971;0.0166019;6715.45
21155;93.115;71812.8;1.63418;0.0107394;7050.63
21180;56.2917;9056.32;1.61431;0.0177646;6583.64
21205;60.7881;9693.37;1.64461;0.0164506;6790.27
21230;59.7241;11122.1;1.63674;0.0167437;6621.12
21255;60.3721;9625.66;1.63496;0.0165639;6796
21280;56.7753;9030.68;1.61866;0.0176133;6637.51
21305;60.4903;11021.4;1.63816;0.0165316;6812.51
21330;59.0065;9548.35;1.62729;0.0169473;6768
21355;55.9385;8842.66;1.61428;0.0178768;6689.62
21380;60.1877;9352.12;1.64495;0.0166147;6901.78
21405;59.6542;10126.8;1.63695;0.0167633;6718.4
21430;59.3277;9228.91;1.64274;0.0168555;6842.22
21455;51.1865;8562.37;1.57562;0.0195364;6416.61
21480;59.2667;9462.8;1.63864;0.0168729;6918.87
21505;59.742;9916.39;1.6406;0.0167387;6824.31
21530;55.5627;8756.15;1.61124;0.0179977;6730.47
21555;57.0057;9101.33;1.61819;0.0175421;6719.77
21580;57.6911;9360.95;1.62206;0.0173337;6765.87
21605;45.1609;7709.88;1.55779;0.0221431;6247.21
21630;56.7268;9117.7;1.61859;0.0176284;6801.33
21655;59.2965;9856.74;1.63639;0.0168644;6862.81
21680;55.4568;9485.05;1.60872;0.0180321;6703.99
21705;61.4167;14465.4;1.63138;0.0162822;6876.49
21730;57.5091;9124.93;1.6277;0.0173886;6890.82
21755;59.3296;10567.7;1.6331;0.016855;6913.33
21780;56.7291;10738.1;1.61924;0.0176276;6918.64
21805;54.6775;8888.54;1.61371;0.0182891;6727.98
21830;57.1744;9388.61;1.60838;0.0174903;6942.39
21855;56.3427;8949.72;1.62356;0.0177485;6889.28
21880;54.939;8967.37;1.60727;0.018202;6697.38
21905;58.277;9238.76;1.63447;0.0171594;6933.98
21930;57.128;9188.4;1.62896;0.0175045;6940.47
21955;59.3729;9523.37;1.64231;0.0168427;6980.81
21980;60.3501;9620.19;1.6449;0.01657;7026.76
22005;57.1121;9381.01;1.61927;0.0175094;6880.53
22030;68.8467;28832.3;1.63296;0.014525;7111.87
22055;46.2429;7757.74;1.563;0.0216249;6411.42
22080;57.4668;9414.97;1.62803;0.0174014;6911.4
22105;56.4753;9101.86;1.62307;0.0177068;6878.54
22130;56.8338;9334.29;1.62146;0.0175952;6842.26
22155;60.4664;10690.5;1.64329;0.0165381;6993.75
22180;59.916;10430.2;1.63841;0.01669;7024.44
22205;56.5456;8988.79;1.63085;0.0176849;6992.52
22230;56.2854;9297.28;1.62128;0.0177666;6881.53
22255;60.6274;10514.9;1.6377;0.0164942;7041.08
22280;56.8259;9588.93;1.62899;0.0175976;6890.91
22305;53.815;8844.89;1.59874;0.0185822;6854.55
22330;55.6865;10466.8;1.60717;0.0179577;6940.64
22355;55.4087;9070.67;1.61261;0.0180477;6898.61
22380;57.0676;9378.75;1.62694;0.0175231;6995.97
22405;53.8353;8716.8;1.60647;0.0185752;6821.22
22430;60.0133;10320.2;1.63745;0.016663;7184.42
22455;56.7057;9113.01;1.62872;0.0176349;7071.57
22480;59.1016;11418.4;1.62513;0.01692;7166.94
22505;52.4499;8944.26;1.59942;0.0190658;6843.6
22530;54.8269;8864.3;1.60808;0.0182392;7029.93
22555;55.6029;9407.05;1.60865;0.0179847;6934.25
22580;59.3314;10667.8;1.62307;0.0168545;7104.63
22605;62.2211;13035;1.64667;0.0160717;7161.46
22630;57.8516;10228;1.62298;0.0172856;7062.15
22655;58.7932;9849.53;1.63412;0.0170088;7080.49
22680;53.4662;8795.51;1.60256;0.0187034;6891.81
22705;58.4407;9959.08;1.62823;0.0171114;7062.39
22730;53.4225;8965.35;1.58931;0.0187187;6996.24
22755;60.8425;10363.6;1.645;0.0164359;7229.29
22780;57.0187;14098.3;1.61444;0.0175381;7072.79
22805;43.8065;7513.79;1.52475;0.0228277;6445.23
22830;56.0812;9088.41;1.62295;0.0178313;7152.99
22855;59.9233;9778.82;1.64612;0.016688;7285.31
22880;52.9626;9848.49;1.57994;0.0188812;6858.58
22905;58.5431;9485.44;1.63632;0.0170814;7274.91
22930;67.866;39366.1;1.62913;0.0147349;7256.55
22955;56.9555;9196.32;1.6288;0.0175576;7241.14
22980;56.921;9207.46;1.62781;0.0175682;7233.19
23005;55.3228;9044.88;1.61182;0.0180757;7144.7
23030;58.2503;10035.3;1.63022;0.0171673;7254.08
23055;55.4592;9180.02;1.61731;0.0180313;7091.41
23080;55.3367;9144.59;1.62881;0.0180712;7245.54
23105;52.4982;9040.87;1.5726;0.0190483;6975.03
23130;57.4457;9469.82;1.62304;0.0174077;7267.89
23155;57.3807;9521.77;1.61913;0.0174275;7299.49
23180;57.4773;9497.2;1.62877;0.0173982;7224.86
23205;60.1896;14809.6;1.60896;0.0166142;7142.42
23230;54.7917;13666.7;1.59462;0.0182509;7167.32
23255;58.5399;9563.23;1.63745;0.0170824;7320.06
23280;59.2496;9723.12;1.63952;0.0168777;7452.26
23305;54.1609;9070.25;1.60343;0.0184635;7120.29
23330;57.8074;9435.39;1.63369;0.0172988;7401.28
23355;41.068;9147.8;1.49694;0.0243499;6350.87
23380;46.3119;8327.1;1.54662;0.0215927;6786.44
23405;59.4575;9791.03;1.64196;0.0168187;7457.9
23430;55.888;9332.06;1.6096;0.0178929;7333.92
23455;60.5864;10156;1.6301;0.0165054;7586.08
23480;59.3388;9751.6;1.63765;0.0168524;7539.63
23505;51.2113;8631.43;1.59787;0.019527;7224.23
23530;57.1715;9335.53;1.63489;0.0174912;7354.45
23555;61.2652;10606.3;1.64271;0.0163225;7591.52
23580;57.6797;9710.2;1.62918;0.0173371;7455.73
23605;53.9239;10024.4;1.58513;0.0185447;7069.83
23630;46.3376;8879.56;1.53402;0.0215807;6811.84
23655;42.9816;7331.22;1.54208;0.0232658;6714.33
23680;57.5239;9597.72;1.62572;0.0173841;7488.08
23705;58.5351;10260.9;1.62738;0.0170838;7483.06
23730;57.8952;9617.75;1.62541;0.0172726;7501.82
23755;59.4252;9761.82;1.64517;0.0168279;7552.57
23780;53.3886;10354.6;1.58759;0.0187306;7200.29
23805;50.7481;8871.07;1.56455;0.0197052;7063.83
23830;55.7021;9622.22;1.61721;0.0179527;7341.66
23855;58.2355;9931.87;1.63236;0.0171716;7471.76
23880;52.6752;9201.5;1.57994;0.0189843;7168.64
23905;58.8921;11201.6;1.62435;0.0169802;7610.31
23930;36.6558;6213.9;1.50013;0.0272808;6498.8
23955;54.1659;9655.06;1.60509;0.0184618;7385.23
23980;58.8716;10305.7;1.63311;0.0169861;7569.94
24005;57.8471;9587.24;1.63274;0.0172869;7587.83
24030;58.2538;9832.22;1.63;0.0171663;7602.7
24055;43.2096;8644.96;1.51711;0.023143;6739.23
24080;44.0165;7781.66;1.53227;0.0227188;6872.79
24105;56.6138;9440.38;1.62307;0.0176635;7527.57
24130;58.9279;10463.2;1.6373;0.0169699;7678.25
24155;55.7144;9302.92;1.61735;0.0179487;7544.52
24180;60.5088;10540.2;1.6373;0.0165265;7754.11
24205;40.0623;6720.36;1.5313;0.0249611;6781.15
24230;56.7267;9891.46;1.62101;0.0176284;7689.29
24255;64.4965;12846.6;1.64976;0.0155047;7976.11
24280;56.7444;9663.62;1.6203;0.0176229;7518.02
24305;57.63;19290.3;1.59708;0.0173521;7456
24330;56.4402;11492.7;1.59268;0.0177179;7485.62
24355;49.6076;8631.75;1.57619;0.0201582;7232.16
24380;55.3576;9791.91;1.59889;0.0180644;7445.73
24405;54.1667;9499.6;1.58541;0.0184615;7391.47
24430;58.8662;9870.17;1.63385;0.0169877;7799.31
24455;58.4411;10088.4;1.63398;0.0171113;7736.59
24480;56.8462;9770.07;1.63779;0.0175913;7841.9
24505;58.8209;12889.3;1.62371;0.0170008;7734.71
24530;55.6185;10108.9;1.60726;0.0179796;7603.47
24555;55.6598;9506.25;1.61332;0.0179663;7588.93
24580;55.8592;9416.87;1.62323;0.0179021;7615.65
24605;56.5643;12488.3;1.59443;0.017679;7637.28
24630;48.6522;8542.52;1.56025;0.0205541;7260.14
24655;55.8404;9520.85;1.61631;0.0179082;7616.29
24680;54.6496;9477.13;1.59133;0.0182984;7580.46
24705;51.4021;9020.59;1.57883;0.0194544;7373.94
24730;58.7691;10570.6;1.63239;0.0170157;7692.7
24755;54.6772;9245.03;1.62436;0.0182891;7733.58
24780;57.0628;10184.9;1.61784;0.0175246;7784.5
24805;59.157;10042.6;1.64515;0.0169042;7809.64
24830;57.4924;10310;1.61772;0.0173936;7802.82
24855;57.8485;9684.47;1.63722;0.0172865;7833.77
24880;54.8201;10462.5;1.58662;0.0182415;7561.42
24905;58.7346;10638.7;1.63192;0.0170258;7869.58
24930;60.7125;10801.9;1.63783;0.0164711;7966.86
24955;56.4601;9995.7;1.61779;0.0177116;7821.24
24980;54.4009;9580.05;1.60528;0.0183821;7650.06
