#Processes;Avg. FT;L2 NormAvg CS;Avg TP 
5;7.8;17.8606;1;0.128205
30;8.93333;53.4228;1.66667;0.11194
55;7.74545;63.4035;1.43636;0.129108
80;9.075;88.7243;1.4625;0.110193
105;8.12381;92.4392;1.47619;0.123095
130;13.6923;192.083;1.64615;0.0730337
155;7.48387;104.048;1.49032;0.133621
180;7.91667;119.042;1.55;0.126316
205;8.79024;142.997;1.48293;0.113762
230;7.76087;130.457;1.51739;0.128852
255;7.36471;130.652;1.49804;0.135783
280;8.03571;153.154;1.49286;0.124444
305;7.89508;153.088;1.50164;0.126661
330;7.15152;143.819;1.48788;0.139831
355;7.56901;159.433;1.49296;0.132118
380;7.94211;175.106;1.5;0.125911
405;7.76296;176.567;1.56049;0.128817
430;8.03256;198.494;1.50465;0.124493
455;7.24176;170.942;1.5033;0.138088
480;7.53333;187.313;1.49167;0.132743
505;7.27921;181.989;1.49901;0.137378
530;7.54528;194.286;1.52642;0.132533
555;7.41441;192.896;1.49369;0.134872
580;7.22931;193.724;1.49655;0.138326
605;7.41983;203.02;1.56033;0.134774
630;7.37143;206.063;1.50476;0.135659
655;8.30687;245.196;1.50076;0.120382
680;7.69118;225.047;1.49265;0.130019
705;7.47801;223.065;1.5078;0.133725
730;7.4274;224.967;1.49726;0.134637
755;8.09007;250.256;1.58278;0.123608
780;7.30128;225.004;1.5;0.136962
805;7.91925;252.553;1.49689;0.126275
830;7.89518;254.553;1.50723;0.12666
855;7.50526;245.461;1.52749;0.13324
880;8.00114;267.853;1.5375;0.124982
905;7.72265;258.973;1.50497;0.129489
930;7.46989;253.434;1.49462;0.133871
955;7.72984;271.334;1.54764;0.129369
980;7.36122;258.43;1.52857;0.135847
1005;7.56119;269.19;1.49851;0.132254
1030;7.86893;284.1;1.49806;0.127082
1055;7.73555;279.77;1.49858;0.129273
1080;7.36389;269.464;1.49722;0.135798
1105;7.30226;271.645;1.58643;0.136944
1130;7.46637;282.402;1.49646;0.133934
1155;7.41818;284.454;1.53074;0.134804
1180;7.63644;293.821;1.5;0.130951
1205;7.43734;287.134;1.4971;0.134457
1230;7.39268;288.945;1.52764;0.135269
1255;7.58406;303.397;1.52112;0.131855
1280;7.54375;302.192;1.50156;0.13256
1305;7.859;330.542;1.49808;0.127243
1330;7.79699;324.878;1.52707;0.128255
1355;7.4059;304.908;1.53432;0.135027
1380;7.73841;323.39;1.50652;0.129226
1405;7.79431;333.327;1.49466;0.128299
1430;7.76573;330.531;1.51818;0.128771
1455;7.79725;334.893;1.50997;0.12825
1480;7.53581;322.371;1.50068;0.1327
1505;7.91163;343.254;1.49967;0.126396
1530;7.63137;334.302;1.50458;0.131038
1555;7.74405;346.416;1.50032;0.129131
1580;7.66709;341.95;1.5;0.130428
1605;7.63925;343.53;1.5053;0.130903
1630;7.64233;342.863;1.5;0.13085
1655;7.53716;344.224;1.5287;0.132676
1680;7.72143;352.485;1.49821;0.12951
1705;7.68856;354.966;1.49853;0.130063
1730;7.65318;359.138;1.52312;0.130665
1755;7.75271;365.53;1.49744;0.128987
1780;7.79831;367.566;1.52247;0.128233
1805;7.54072;356.655;1.49972;0.132613
1830;7.47923;356.818;1.50383;0.133704
1855;7.66199;368.249;1.51429;0.130514
1880;7.9766;392.439;1.50957;0.125367
1905;7.92493;391.955;1.49764;0.126184
1930;7.86528;388.265;1.50052;0.127141
1955;7.54118;371.977;1.49821;0.132605
1980;7.84495;431.902;1.49697;0.127471
2005;7.61546;379.883;1.50524;0.131312
2030;7.28374;364.966;1.54384;0.137292
2055;7.78881;397.303;1.52652;0.128389
2080;7.51106;383.798;1.52019;0.133137
2105;7.80095;402.638;1.50404;0.12819
2130;7.82019;411.411;1.53005;0.127874
2155;7.50162;392.041;1.49977;0.133304
2180;7.71422;404.093;1.5;0.129631
2205;7.74422;407.774;1.52472;0.129129
2230;7.46726;399.066;1.51704;0.133918
2255;7.54545;400.958;1.498;0.13253
2280;8.61316;614.054;1.53377;0.116101
2305;7.47766;400.17;1.49892;0.133732
2330;7.54764;407.968;1.50558;0.132492
2355;8.45011;516.792;1.49809;0.118342
2380;7.69748;424.219;1.49916;0.129913
2405;7.64116;417.953;1.50021;0.13087
2430;7.73498;425.483;1.49959;0.129283
2455;7.63055;425.207;1.50591;0.131052
2480;7.84274;461.378;1.49758;0.127506
2505;7.75449;433.298;1.52056;0.128958
2530;7.7087;434.448;1.50395;0.129724
2555;7.49041;419.91;1.50294;0.133504
2580;7.7031;452.42;1.51744;0.129818
2605;7.67025;439.66;1.50019;0.130374
2630;7.86426;453.779;1.50038;0.127158
2655;7.6452;440.005;1.49868;0.130801
2680;8.03582;485.977;1.52985;0.124443
2705;7.6037;446.789;1.52237;0.131515
2730;8.01136;477.842;1.50952;0.124823
2755;7.81379;469.729;1.49655;0.127979
2780;7.76475;473.886;1.51439;0.128787
2805;7.54759;448.438;1.49875;0.132493
2830;7.54099;449.263;1.52367;0.132609
2855;7.57338;450.804;1.49947;0.132041
2880;7.5875;454.531;1.49931;0.131796
2905;7.60172;459.564;1.49948;0.131549
2930;7.64471;464.417;1.50956;0.130809
2955;7.59695;469.409;1.49983;0.131632
2980;7.47685;456.665;1.50369;0.133746
3005;8.77271;715.122;1.49917;0.11399
3030;7.74983;480.901;1.50132;0.129035
3055;7.7293;480.827;1.49787;0.129378
3080;7.93831;514.317;1.49935;0.125971
3105;7.62029;476.979;1.51659;0.131229
3130;7.60224;477.662;1.51086;0.13154
3155;7.53566;479.161;1.49952;0.132702
3180;7.7761;510.151;1.49969;0.128599
3205;7.48955;475.367;1.51919;0.133519
3230;7.62043;490.375;1.49907;0.131226
3255;7.6679;493.582;1.50261;0.130414
3280;7.60976;488.287;1.5;0.13141
3305;7.69652;498.071;1.49955;0.129929
3330;8.0015;523.762;1.4988;0.124977
3355;7.58629;492.156;1.50015;0.131817
3380;7.65769;501.722;1.5;0.130588
3405;7.82878;513.808;1.49956;0.127734
3430;7.9277;525.433;1.52624;0.12614
3455;7.83242;518.694;1.54038;0.127675
3480;7.7454;513.476;1.51494;0.129109
3505;7.54151;499.146;1.49957;0.132599
3530;7.44306;494.973;1.49943;0.134353
3555;7.98819;613.387;1.50014;0.125185
3580;7.9986;543.37;1.50642;0.125022
3605;7.7165;530.098;1.50458;0.129592
3630;7.57934;511.944;1.49917;0.131938
3655;7.67907;518.83;1.49932;0.130224
3680;7.56685;514.218;1.50978;0.132155
3705;7.57085;516.508;1.50958;0.132086
3730;7.70483;524.634;1.50536;0.129789
3755;7.85646;545.103;1.52463;0.127284
3780;7.50344;518.082;1.50556;0.133272
3805;7.68068;532.446;1.49882;0.130197
3830;7.99817;562.549;1.49765;0.125029
3855;7.74604;549.85;1.52322;0.129098
3880;7.73608;540.28;1.50387;0.129264
3905;8.08323;613.849;1.50013;0.123713
3930;8.41578;629.724;1.50076;0.118824
3955;7.91732;575.895;1.49937;0.126305
3980;8.47136;757.72;1.5108;0.118045
4005;8.12884;597.034;1.50012;0.123019
4030;7.79603;555.599;1.4995;0.12827
4055;7.64982;548.857;1.50752;0.130722
4080;7.7473;558.207;1.525;0.129077
4105;8.20901;593.582;1.49939;0.121817
4130;8.22591;591.386;1.52058;0.121567
4155;7.77521;577.669;1.49892;0.128614
4180;7.62105;554.878;1.50478;0.131215
4205;8.09893;611.94;1.52081;0.123473
4230;7.6227;555.579;1.50095;0.131187
4255;7.74501;566.485;1.50082;0.129115
4280;7.70187;578.275;1.50304;0.129839
4305;7.6964;574.391;1.51127;0.129931
4330;8.30878;640.179;1.49931;0.120355
4355;7.92905;590.15;1.50011;0.126119
4380;8.03219;665.819;1.52123;0.124499
4405;7.4756;557.828;1.49898;0.133769
4430;7.83296;639.817;1.49752;0.127666
4455;8.43367;660.896;1.5156;0.118572
4480;9.66004;828.85;1.5;0.103519
4505;7.75361;585.098;1.50166;0.128972
4530;7.80331;592.258;1.49912;0.128151
4555;8.63908;719.942;1.50604;0.115753
4580;8.07969;695.265;1.49934;0.123767
4605;7.64973;584.59;1.49924;0.130724
4630;7.6784;589.769;1.50929;0.130235
4655;11.4973;1585.82;1.50333;0.0869768
4680;8.26496;769.777;1.5;0.120993
4705;7.84761;619.496;1.49862;0.127427
4730;7.87061;613.557;1.49958;0.127055
4755;7.80904;608.572;1.49905;0.128057
4780;7.78096;606.435;1.49937;0.128519
4805;7.79251;607.064;1.49948;0.128328
4830;7.80973;613.585;1.51677;0.128045
4855;7.66262;602.925;1.53018;0.130504
4880;7.61803;597.692;1.53135;0.131267
4905;7.81142;626.502;1.49949;0.128018
4930;7.69006;608.828;1.50264;0.130038
4955;7.78406;623.405;1.50575;0.128468
4980;7.80301;637.581;1.50321;0.128156
5005;7.71628;611.993;1.50609;0.129596
5030;7.98231;651.582;1.50795;0.125277
5055;8.02611;653.2;1.49871;0.124593
5080;7.90039;649.845;1.49882;0.126576
5105;7.48149;599.994;1.52556;0.133663
5130;8.59318;755.097;1.5;0.116371
5155;7.96877;684.112;1.51212;0.12549
5180;8.97375;948.848;1.51062;0.111436
5205;8.63708;798.001;1.50375;0.11578
5230;8.15277;722.149;1.50631;0.122658
5255;7.90942;657.524;1.49857;0.126432
5280;8.20568;681.676;1.50701;0.121867
5305;8.2066;705.365;1.50009;0.121853
5330;7.86961;660.345;1.49962;0.127071
5355;7.68161;634.51;1.50009;0.130181
5380;10.7454;1146.36;1.5171;0.0930635
5405;8.01869;661.809;1.50009;0.124709
5430;7.93039;660.011;1.49945;0.126097
5455;7.81192;657.022;1.49991;0.12801
5480;7.71734;641.12;1.49982;0.129578
5505;7.83034;664.16;1.52171;0.127708
5530;8.09005;718.372;1.51501;0.123609
5555;7.75986;653.579;1.51179;0.128868
5580;7.99964;685.49;1.49982;0.125006
5605;7.76128;653.348;1.51847;0.128845
5630;8.11901;728.714;1.49964;0.123168
5655;8.15986;697.888;1.49991;0.122551
5680;7.92852;675.109;1.49965;0.126127
5705;8.38983;770.012;1.5078;0.119192
5730;7.61867;645.646;1.5;0.131256
5755;7.67246;648.482;1.49974;0.130336
5780;7.89619;679.501;1.49931;0.126643
5805;8.68234;795.418;1.51748;0.115176
5830;7.99588;852.718;1.49931;0.125064
5855;7.80495;671.805;1.50145;0.128124
5880;7.68605;661.903;1.49915;0.130106
5905;8.03082;759.115;1.49975;0.12452
5930;7.72395;667.361;1.5258;0.129468
5955;8.74207;812.318;1.50495;0.114389
5980;8.40385;758.511;1.51722;0.118993
6005;7.71424;672.509;1.49992;0.12963
6030;7.96252;696.112;1.49934;0.125588
6055;7.91924;695.897;1.51049;0.126275
6080;7.95082;723.867;1.49967;0.125773
6105;7.80508;685.119;1.52088;0.128122
6130;7.6801;678.026;1.50277;0.130207
6155;8.40244;773.826;1.50999;0.119013
6180;6.96214;632.546;1.50518;0.143634
6205;7.77212;688.587;1.49911;0.128665
6230;7.99438;766.941;1.50514;0.125088
6255;7.97026;711.82;1.49976;0.125466
6280;7.83328;701.964;1.49984;0.12766
6305;8.09691;739.778;1.49913;0.123504
6330;8.47551;780.372;1.50032;0.117987
6355;7.3454;748.851;1.50574;0.13614
6380;8.00658;738.859;1.49922;0.124897
6405;7.83185;708.776;1.50195;0.127684
6430;8.07776;777.73;1.49969;0.123797
6455;8.2172;774.235;1.49961;0.121696
6480;7.72438;698.778;1.49954;0.12946
6505;8.09869;751.626;1.50776;0.123477
6530;7.80919;711.972;1.50398;0.128054
6555;7.9283;762.668;1.51747;0.12613
6580;7.98237;733.151;1.50334;0.125276
6605;8.28282;862.481;1.50583;0.120732
6630;7.80694;716.085;1.4994;0.128091
6655;7.90263;726.039;1.49977;0.12654
6680;8.09237;766.245;1.50943;0.123573
6705;7.99344;741.953;1.51216;0.125103
6730;7.86805;730.936;1.52377;0.127096
6755;7.99482;742.39;1.49948;0.125081
6780;8.07065;760.385;1.49926;0.123906
6805;8.47377;839.835;1.4989;0.118011
6830;7.63397;713.211;1.51259;0.130993
6855;5.73012;519.748;1.50007;0.174516
6880;10.5349;1210.28;1.49956;0.0949227
6905;8.3428;856.059;1.50007;0.119864
6930;8.32395;873.854;1.50303;0.120135
6955;8.11618;767.513;1.51876;0.123211
6980;8.06046;820.62;1.49986;0.124062
7005;7.97916;752.864;1.49907;0.125327
7030;8.30597;839.119;1.49929;0.120395
7055;7.97222;774.014;1.50007;0.125436
7080;8.01172;766.88;1.49887;0.124817
7105;8.13427;792.413;1.49993;0.122937
7130;7.70575;730.665;1.49888;0.129773
7155;7.86066;752.423;1.49951;0.127216
7180;7.72493;735.479;1.50961;0.129451
7205;8.06232;797.621;1.52061;0.124034
7230;8.26113;803.989;1.49889;0.121049
7255;8.09304;780.584;1.502;0.123563
7280;8.10151;785.232;1.5;0.123434
7305;7.63285;729.884;1.51198;0.131013
7330;8.64188;855.626;1.49905;0.115716
7355;8.20598;797.395;1.49939;0.121862
7380;8.06328;782.682;1.5;0.124019
7405;8.12762;795.426;1.49926;0.123037
7430;7.95747;780.879;1.53163;0.125668
7455;7.75117;755.118;1.4998;0.129013
7480;8.13543;800.963;1.50628;0.122919
7505;7.96016;783.757;1.50313;0.125626
7530;8.01341;809.612;1.49947;0.124791
7555;8.45745;833.527;1.51502;0.118239
7580;8.25224;849.466;1.50092;0.121179
7605;7.71598;755.235;1.49967;0.129601
7630;8.26828;833.617;1.51927;0.120944
7655;8.3484;913.473;1.49993;0.119783
7680;8.28177;831.762;1.50443;0.120747
7705;7.8331;773.771;1.5072;0.127663
7730;7.71785;762.636;1.5;0.12957
7755;7.94674;866.178;1.50845;0.125838
7780;6.98085;714.993;1.49974;0.143249
7805;8.00922;797.289;1.49994;0.124856
7830;7.93244;807.053;1.49898;0.126065
7855;7.83272;782.919;1.50847;0.12767
7880;8.06269;809.567;1.49987;0.124028
7905;8.07755;819.271;1.50006;0.1238
7930;7.81728;786.56;1.50706;0.127922
7955;8.47002;899.007;1.49943;0.118063
7980;7.97293;820.748;1.49962;0.125424
8005;8.21374;836.864;1.50031;0.121747
8030;8.10187;847.143;1.50299;0.123428
8055;8.23066;841.697;1.50006;0.121497
8080;7.93007;803.693;1.50705;0.126102
8105;8.51351;871.288;1.49981;0.11746
8130;8.52583;945.425;1.51132;0.117291
8155;8.07161;826.811;1.51478;0.123891
8180;7.86601;885.719;1.5;0.127129
8205;8.8691;946.415;1.49982;0.112751
8230;7.88044;807.786;1.51531;0.126897
8255;7.9788;877.523;1.49994;0.125332
8280;8.08237;832.89;1.51027;0.123726
8305;8.27827;865.958;1.49994;0.120798
8330;8.06351;833.193;1.5096;0.124016
8355;8.84835;944.777;1.52292;0.113015
8380;8.49702;902.822;1.49905;0.117688
8405;8.19072;855.254;1.50732;0.122089
8430;8.23832;854.073;1.49953;0.121384
8455;7.99444;829.369;1.49935;0.125087
8480;7.9763;828.973;1.5092;0.125371
8505;8.14756;853.326;1.50641;0.122736
8530;8.07632;844.974;1.50598;0.123819
8555;5.77662;592.538;1.50006;0.173112
8580;7.69417;809.008;1.49977;0.129968
8605;8.11389;899.173;1.52295;0.123245
8630;8.54739;917.952;1.49988;0.116995
8655;7.90237;830.123;1.50144;0.126544
8680;8.00092;841.007;1.49988;0.124986
8705;8.43182;975.659;1.50408;0.118598
8730;8.79553;943.87;1.49897;0.113694
8755;8.29549;895.408;1.50097;0.120547
8780;7.88918;836.798;1.51116;0.126756
8805;8.08075;860.998;1.49983;0.123751
8830;8.37973;911.964;1.51733;0.119336
8855;8.32885;894.975;1.49983;0.120065
8880;7.85653;834.402;1.50124;0.127283
8905;8.10938;937.592;1.52431;0.123314
8930;5.87234;622.26;1.50974;0.17029
8955;8.04355;859.851;1.52485;0.124323
8980;7.8157;878.817;1.50523;0.127948
9005;7.99378;856.812;1.50383;0.125097
9030;7.35903;795.569;1.50022;0.135888
9055;9.24086;1088.98;1.52071;0.108215
9080;9.03921;1022.31;1.50165;0.110629
9105;8.45338;930.369;1.514;0.118296
9130;8.01358;893.727;1.5;0.124788
9155;8.00208;875.616;1.51065;0.124968
9180;8.30458;917.855;1.49978;0.120416
9205;8.96306;990.756;1.50147;0.111569
9230;8.81463;1023.94;1.50076;0.113448
9255;8.47196;962.596;1.4993;0.118036
9280;7.79526;844.255;1.51099;0.128283
9305;7.91338;863.41;1.49973;0.126368
9330;8.37674;955.45;1.51211;0.119378
9355;8.32293;924.485;1.50743;0.12015
9380;8.0645;893.715;1.49989;0.124
9405;8.15513;1028.55;1.50505;0.122622
9430;8.03298;882.08;1.5;0.124487
9455;8.13295;921.383;1.51348;0.122957
9480;7.88354;926.489;1.5;0.126846
9505;8.46039;983.852;1.52278;0.118198
9530;8.21417;974.635;1.49958;0.121741
9555;8.3011;972.556;1.49995;0.120466
9580;7.53967;832.389;1.5;0.132632
9605;8.32473;941.389;1.49995;0.120124
9630;7.96417;888.288;1.49938;0.125562
9655;8.46825;982.466;1.49964;0.118088
9680;8.4405;954.068;1.52903;0.118476
9705;7.66007;845.776;1.50933;0.130547
9730;7.99126;891.086;1.51624;0.125137
9755;7.80933;869.236;1.5061;0.128052
9780;8.20879;930.277;1.51309;0.121821
9805;7.82121;869.727;1.49985;0.127857
9830;8.1177;996.237;1.49939;0.123188
9855;8.15231;921.326;1.50025;0.122665
9880;7.96953;890.79;1.5;0.125478
9905;8.47451;965.922;1.50005;0.118001
9930;7.01843;838.242;1.50775;0.142482
9955;8.11361;917.369;1.50246;0.12325
9980;8.01543;907.421;1.4999;0.124759
10005;7.89015;892.036;1.49975;0.12674
10030;8.10698;918.097;1.51266;0.123351
10055;8.7449;1062.77;1.509;0.114352
10080;7.93165;901.987;1.4999;0.126077
10105;8.36299;977.65;1.50589;0.119574
10130;7.92537;931.096;1.51086;0.126177
10155;8.31581;959.782;1.50074;0.120253
10180;9.0889;1091.09;1.50452;0.110024
10205;7.90848;903.852;1.49985;0.126447
10230;8.38798;976.181;1.5042;0.119218
10255;7.9845;918.337;1.50005;0.125243
10280;7.98084;911.228;1.50418;0.1253
10305;7.91295;909.483;1.50636;0.126375
10330;7.94366;943.005;1.49981;0.125887
10355;8.2028;953.798;1.50497;0.12191
10380;8.05299;932.471;1.50934;0.124178
10405;8.92369;1053.5;1.51735;0.112061
10430;7.90575;907.666;1.50882;0.12649
10455;8.37006;992.715;1.50215;0.119473
10480;8.09113;931.251;1.50945;0.123592
10505;8.28501;963.317;1.49976;0.1207
10530;8.17987;950.139;1.50446;0.122251
10555;8.54287;1030.74;1.49976;0.117057
10580;8.03195;930.895;1.50009;0.124503
10605;7.9008;925.181;1.49976;0.126569
10630;8.51157;1069.32;1.50179;0.117487
10655;7.90343;922.281;1.49948;0.126527
10680;7.59045;874.411;1.51142;0.131745
10705;8.27632;1050.68;1.49995;0.120827
10730;8.01715;975.75;1.49953;0.124733
10755;8.31799;1018.04;1.49977;0.120221
10780;8.23024;965.102;1.50501;0.121503
10805;8.29894;987.592;1.50005;0.120497
10830;8.5397;1052.66;1.50342;0.1171
10855;8.45491;1008.05;1.50005;0.118275
10880;9.38906;1146.75;1.50193;0.106507
10905;8.15167;989.776;1.52141;0.122674
10930;8.34364;996.233;1.51455;0.119852
10955;8.52643;1017.48;1.49995;0.117282
10980;8.48807;1028;1.50774;0.117812
11005;8.20173;1005.09;1.50005;0.121926
11030;7.93282;942.423;1.5039;0.126059
11055;7.96291;943.419;1.50972;0.125582
11080;7.75749;962.109;1.50984;0.128908
11105;8.41018;1016.03;1.51058;0.118904
11130;10.3127;1310.58;1.49991;0.0969681
11155;8.05459;980.757;1.50336;0.124153
11180;7.961;948.161;1.5144;0.125612
11205;8.34601;1016.74;1.49987;0.119818
11230;8.21104;997.076;1.50329;0.121787
11255;8.14944;973.212;1.50351;0.122708
11280;8.24034;1000.57;1.49991;0.121354
11305;7.88881;988.941;1.50004;0.126762
11330;8.21006;1000.65;1.51192;0.121802
11355;7.93888;956.187;1.49987;0.125962
11380;8.48761;1046.74;1.50958;0.117819
11405;8.07137;1015.22;1.50504;0.123895
11430;8.49598;1045.42;1.50009;0.117703
11455;8.1622;987.308;1.51488;0.122516
11480;7.91167;962.528;1.50409;0.126396
11505;8.03103;980.768;1.49961;0.124517
11530;8.3137;1024.98;1.5;0.120283
11555;8.3087;1018.54;1.50463;0.120356
11580;8.01339;972.937;1.50406;0.124791
11605;7.96803;974.424;1.50168;0.125502
11630;8.3012;1036.96;1.51702;0.120464
11655;8.2816;1018.75;1.49996;0.12075
11680;8.36498;1022.01;1.49991;0.119546
11705;8.85622;1109.75;1.5044;0.112915
11730;7.9191;973.158;1.50102;0.126277
11755;8.49222;1072.48;1.51595;0.117755
11780;8.06316;986.898;1.49966;0.124021
11805;8.31741;1033.26;1.4997;0.12023
11830;7.93525;987.494;1.50228;0.12602
11855;8.14247;1034.29;1.50392;0.122813
11880;7.62929;931.329;1.49983;0.131074
11905;7.90735;975.561;1.5034;0.126465
11930;7.87343;1003.4;1.49933;0.127009
11955;7.99448;985.034;1.51092;0.125086
11980;7.90209;975.036;1.49975;0.126549
12005;8.0728;1006.28;1.49963;0.123873
12030;8.10964;1011.22;1.49983;0.12331
12055;9.32642;1197.29;1.49979;0.107222
12080;8.4082;1094.92;1.49983;0.118932
12105;8.04147;1008.32;1.49988;0.124355
12130;9.72251;1336.1;1.51179;0.102854
12155;8.32612;1102.94;1.50695;0.120104
12180;8.04631;1003.62;1.52332;0.124281
12205;7.82794;1002.96;1.50545;0.127748
12230;8.3695;1073.11;1.50065;0.119481
12255;8.4253;1072.94;1.49955;0.11869
12280;8.51816;1111.99;1.5;0.117396
12305;8.42007;1079.23;1.4998;0.118764
12330;8.56148;1097.78;1.5;0.116802
12355;9.54788;1295.41;1.50635;0.104735
12380;7.8685;989.292;1.49976;0.127089
12405;8.31463;1074.49;1.50359;0.12027
12430;8.3901;1075.08;1.50217;0.119188
12455;8.30855;1058.66;1.5161;0.120358
12480;8.65064;1172.39;1.49976;0.115598
12505;8.32851;1079.11;1.50812;0.12007
12530;8.49034;1136.09;1.5087;0.117781
12555;8.35412;1115.88;1.50004;0.119701
12580;8.04483;1037.68;1.49976;0.124303
12605;8.39746;1086.58;1.5052;0.119084
12630;8.30689;1077.92;1.49976;0.120382
12655;6.97843;905.595;1.49941;0.143299
12680;8.27326;1078.29;1.51317;0.120871
12705;7.99402;1032.55;1.49957;0.125094
12730;7.97211;1046;1.49976;0.125437
12755;8.0875;1030.27;1.50427;0.123648
12780;8.65086;1225.13;1.50798;0.115595
12805;8.59524;1126.38;1.49973;0.116344
12830;7.92876;1018.86;1.50242;0.126123
12855;9.36764;1288.55;1.50268;0.10675
12880;8.12143;1062.7;1.50481;0.123131
12905;8.11476;1044.01;1.50337;0.123232
12930;8.60464;1204.36;1.49985;0.116216
12955;7.9966;1025.75;1.50722;0.125053
12980;7.99245;1034.09;1.50254;0.125118
13005;8.26767;1098.11;1.4995;0.120953
13030;8.93937;1256;1.50292;0.111865
13055;8.27216;1083.58;1.5152;0.120887
13080;8.46865;1146.2;1.49985;0.118083
13105;8.17978;1070.07;1.50118;0.122253
13130;7.98355;1063.37;1.50114;0.125258
13155;8.45739;1120.55;1.50802;0.11824
13180;7.42231;966.85;1.50493;0.134729
13205;8.09239;1050.23;1.51412;0.123573
13230;7.6842;1019.28;1.49985;0.130137
13255;8.33648;1101.43;1.49981;0.119955
13280;9.35648;1305.35;1.49992;0.106878
13305;8.29981;1133.93;1.49996;0.120485
13330;7.83773;1026.02;1.49992;0.127588
13355;7.84762;1025.09;1.50782;0.127427
13380;7.88117;1027.18;1.5136;0.126885
13405;8.42119;1114.18;1.49996;0.118748
13430;10.1631;1494.63;1.49978;0.0983948
13455;7.96975;1047.28;1.50279;0.125474
13480;7.94332;1073.2;1.50579;0.125892
13505;6.42451;866.432;1.49952;0.155654
13530;8.30244;1130.56;1.52801;0.120447
13555;10.5784;1566.78;1.49996;0.0945324
13580;8.09809;1080.7;1.50228;0.123486
13605;8.06623;1056.74;1.50445;0.123974
13630;8.8204;1243.81;1.49978;0.113374
13655;10.2128;1556.98;1.49989;0.0979162
13680;9.58969;1308.37;1.49971;0.104279
13705;8.00766;1061.94;1.50449;0.12488
13730;7.56424;998.931;1.49993;0.132201
13755;8.14242;1086.4;1.50396;0.122814
13780;9.22678;1293.75;1.5;0.10838
13805;7.95248;1074.24;1.50417;0.125747
13830;8.14765;1093;1.50174;0.122735
13855;8.1258;1092.31;1.49953;0.123065
13880;8.26628;1114.11;1.5;0.120973
13905;8.18813;1095.67;1.49996;0.122128
13930;7.77688;1033.71;1.50129;0.128586
13955;8.26406;1114.13;1.50391;0.121006
13980;8.34521;1119.91;1.49986;0.119829
14005;8.02299;1071.23;1.5116;0.124642
14030;7.81197;1041.5;1.49993;0.128009
14055;8.36307;1154;1.50964;0.119573
14080;18.1742;2576.36;1.50462;0.055023
14105;7.88657;1056.96;1.50067;0.126798
14130;10.3373;1595.39;1.49986;0.0967371
14155;9.19166;1303.23;1.49975;0.108794
14180;9.12257;1286.01;1.49986;0.109618
14205;7.10496;980.736;1.49975;0.140747
14230;8.05952;1094.09;1.49972;0.124077
14255;10.4758;1611.13;1.50467;0.0954578
14280;19.1726;2654.23;1.49958;0.0521577
14305;20.087;2958.04;1.49969;0.0497834
14330;7.50977;1016.95;1.49972;0.13316
14355;8.12059;1109.93;1.51041;0.123144
14380;7.82531;1058.32;1.49986;0.12779
14405;7.96543;1079.37;1.50003;0.125543
14430;8.06888;1101.9;1.50007;0.123933
14455;8.29492;1128.46;1.49948;0.120556
14480;8.31547;1148.25;1.50221;0.120258
14505;10.5044;1627.98;1.49962;0.0951984
14530;8.24281;1153.53;1.5;0.121318
14555;18.7713;2663.77;1.49955;0.0532729
14580;18.8722;2736.72;1.50487;0.0529881
14605;8.06943;1103.77;1.50996;0.123925
14630;13.4085;2694.5;1.49966;0.0745793
14655;7.87315;1074.98;1.49969;0.127014
14680;7.87003;1081.4;1.51703;0.127064
14705;10.7617;1651.68;1.49997;0.092922
14730;9.06395;1333.39;1.49993;0.110327
14755;8.10701;1128.21;1.50878;0.12335
14780;8.31949;1153.42;1.49993;0.1202
14805;7.76454;1061.77;1.50003;0.128791
14830;5.49292;720.954;1.50661;0.182053
14855;7.94103;1096.66;1.50414;0.125928
14880;8.37749;1205.52;1.51142;0.119368
14905;7.55807;1028.92;1.51292;0.132309
14930;7.95626;1105;1.50455;0.125687
14955;8.0904;1113.72;1.49997;0.123603
14980;8.87216;1277.56;1.50194;0.112712
15005;8.33316;1178.55;1.4997;0.120003
15030;8.34424;1162.83;1.49947;0.119843
15055;7.96978;1121.9;1.50515;0.125474
15080;7.86253;1087.25;1.49987;0.127185
15105;8.0517;1135.09;1.50751;0.124197
15130;7.84422;1082.43;1.49974;0.127482
15155;7.87938;1103.57;1.50848;0.126914
15180;7.98254;1111.08;1.50079;0.125273
15205;7.02012;982.275;1.50582;0.142448
15230;8.09245;1145.95;1.51858;0.123572
15255;8.20852;1166.94;1.4999;0.121825
15280;9.23979;1383.45;1.5;0.108228
15305;8.05018;1131.03;1.49951;0.124221
15330;8.59093;1311.22;1.50352;0.116402
15355;7.84194;1100.37;1.4999;0.127519
15380;8.06216;1159.76;1.5;0.124036
15405;9.33957;1420.84;1.50678;0.107071
15430;9.14109;1363.65;1.49994;0.109396
15455;8.20906;1159.72;1.50366;0.121817
15480;8.50879;1219.02;1.5051;0.117526
15505;8.33905;1185.04;1.49997;0.119918
15530;9.79317;1563.56;1.51326;0.102112
15555;18.7115;2734.07;1.5062;0.053443
15580;8.39339;1222.83;1.49981;0.119141
15605;7.97693;1137.87;1.50202;0.125362
15630;8.23877;1206.92;1.50384;0.121377
15655;8.43903;1237.56;1.50489;0.118497
15680;7.26027;1054.58;1.50261;0.137736
15705;9.51372;1503.04;1.50493;0.105111
15730;7.82397;1105.9;1.50769;0.127812
15755;8.15011;1163.83;1.51273;0.122698
15780;7.88853;1143.24;1.5;0.126766
15805;8.3714;1222.88;1.50933;0.119454
15830;7.85313;1115.67;1.51049;0.127338
15855;8.21785;1188.63;1.50369;0.121686
15880;9.71977;1529.35;1.50145;0.102883
15905;7.91776;1125.15;1.49972;0.126298
15930;7.81488;1109.06;1.50502;0.127961
15955;8.96183;1352.23;1.51031;0.111584
15980;8.23811;1202.94;1.50006;0.121387
16005;8.08366;1163.67;1.49972;0.123706
16030;8.22626;1182.35;1.50424;0.121562
16055;8.1336;1172.76;1.49978;0.122947
16080;8.05958;1164.24;1.50323;0.124076
16105;8.30475;1203.93;1.50258;0.120413
16130;7.90837;1132.44;1.49988;0.126448
16155;9.73878;1545.85;1.4996;0.102682
16180;18.1485;2720.07;1.49988;0.0551009
16205;8.15625;1187.49;1.49978;0.122605
16230;8.03352;1153.34;1.49938;0.124478
16255;8.57232;1368.56;1.50003;0.116655
16280;10.4085;1544.12;1.49988;0.0960755
16305;6.59957;948.906;1.5099;0.151525
16330;31.5784;5248.56;1.50925;0.0316672
16355;8.08059;1178.82;1.49954;0.123753
16380;9.73584;1554.21;1.5119;0.102713
16405;7.98927;1160.33;1.52222;0.125168
16430;7.98436;1170.26;1.50858;0.125245
16455;7.96901;1164.01;1.50198;0.125486
16480;8.16802;1201.05;1.4997;0.122429
16505;27.7935;4598.7;1.49997;0.0359796
16530;8.19123;1196.8;1.50363;0.122082
16555;19.3929;2944.51;1.50903;0.0515653
16580;34.0096;5944.63;1.51586;0.0294035
16605;7.93845;1158.73;1.49985;0.125969
16630;8.15508;1188.65;1.50409;0.122623
16655;8.03663;1169.03;1.49973;0.12443
16680;8.24406;1209.63;1.5027;0.121299
16705;8.26549;1233.16;1.49979;0.120985
16730;27.9948;4496.87;1.50849;0.0357209
16755;19.5598;2976.85;1.5085;0.0511253
16780;7.86544;1155.47;1.49994;0.127139
16805;8.21589;1207.43;1.50235;0.121715
16830;7.8984;1157.53;1.49994;0.126608
16855;10.2694;1653.88;1.50656;0.0973765
16880;28.7396;4806.98;1.5;0.0347952
16905;9.71789;1601.23;1.50358;0.102903
16930;8.14093;1219.42;1.51211;0.122836
16955;8.09543;1212.21;1.49997;0.123526
16980;7.75754;1147.67;1.51137;0.128907
17005;9.5329;1504.89;1.49991;0.1049
17030;8.1919;1223.06;1.49988;0.122072
17055;8.00569;1223.78;1.50103;0.124911
17080;7.84309;1159.69;1.50913;0.127501
17105;7.95475;1188.46;1.50968;0.125711
17130;8.10543;1209.64;1.50315;0.123374
17155;28.2402;4724.41;1.50976;0.0354105
17180;7.67288;1127.77;1.50594;0.130329
17205;8.17483;1220.36;1.50474;0.122327
17230;8.45409;1300.87;1.50807;0.118286
17255;8.90316;1377.82;1.49974;0.11232
17280;8.73513;1321.27;1.49983;0.11448
17305;8.72517;1320.73;1.51101;0.114611
17330;8.98632;1380.07;1.49977;0.11128
17355;9.46442;1530.15;1.50539;0.105659
17380;7.61686;1161.76;1.49954;0.131288
17405;10.4099;1809.51;1.4998;0.0960626
17430;7.74291;1213.7;1.49977;0.12915
17455;7.85271;1229.54;1.49997;0.127345
17480;7.97105;1198.64;1.50698;0.125454
17505;7.82108;1227.14;1.49974;0.12786
17530;32.3701;5607.89;1.49994;0.0308928
17555;7.89137;1258.9;1.49974;0.126721
17580;7.78578;1167.88;1.51775;0.128439
17605;7.80755;1169.98;1.51105;0.128081
17630;19.2069;3065.75;1.49983;0.0520646
17655;8.17242;1263.16;1.50416;0.122363
17680;7.90707;1230.65;1.49994;0.126469
17705;8.38904;1306.07;1.49997;0.119203
17730;8.74721;1409.58;1.49977;0.114322
17755;7.90836;1187.8;1.49986;0.126448
17780;9.38183;1525.32;1.49994;0.106589
17805;8.26442;1291.68;1.50272;0.121001
17830;10.415;1914.39;1.50808;0.0960151
17855;8.20062;1260.51;1.4998;0.121942
17880;7.78725;1166.72;1.5014;0.128415
17905;7.86233;1177.93;1.4998;0.127189
17930;46.8651;8504.68;1.50803;0.0213378
17955;34.9896;6036.48;1.50788;0.0285799
17980;7.31691;1089.77;1.50523;0.13667
18005;7.36212;1097.44;1.49975;0.13583
18030;8.05513;1234.98;1.49972;0.124144
18055;8.78998;1412.15;1.50739;0.113766
18080;9.03529;1513.83;1.49983;0.110677
18105;8.08981;1249.05;1.49997;0.123612
18130;7.41147;1119.06;1.50485;0.134926
18155;7.8201;1182.14;1.51413;0.127876
18180;7.8231;1197.75;1.49972;0.127827
18205;7.86855;1199.45;1.50102;0.127088
18230;8.05968;1235.82;1.50505;0.124074
18255;7.91487;1201.82;1.50463;0.126344
18280;8.24311;1281.52;1.50159;0.121313
18305;7.47096;1176.79;1.49997;0.133852
18330;7.92995;1238.07;1.49967;0.126104
18355;7.74094;1180.74;1.50003;0.129183
18380;22.098;3647.95;1.5;0.045253
18405;8.08644;1246.75;1.49997;0.123664
18430;7.76902;1185.63;1.49967;0.128716
18455;28.0309;4645.64;1.49997;0.0356749
18480;8.04637;1253.11;1.51115;0.12428
18505;8.08862;1302.7;1.49981;0.12363
18530;25.4593;4199.16;1.5;0.0392784
18555;32.5555;6174.89;1.50299;0.0307168
18580;7.97912;1232.35;1.49989;0.125327
18605;10.12;1854.03;1.49981;0.098814
18630;9.22271;1598;1.49995;0.108428
18655;35.1882;7071.47;1.50163;0.0284187
18680;9.24556;1584.26;1.50894;0.10816
18705;8.32793;1312.73;1.50142;0.120078
18730;7.95825;1234.67;1.49984;0.125656
18755;7.47753;1145.07;1.49987;0.133734
18780;8.03679;1258.42;1.5;0.124428
18805;9.13922;1509.89;1.49981;0.109419
18830;7.96575;1238.06;1.5051;0.125538
18855;10.9364;1884.45;1.49976;0.0914377
18880;18.9075;3037.26;1.49995;0.052889
18905;8.02973;1251.6;1.49987;0.124537
18930;8.64828;1401.11;1.50417;0.11563
18955;7.75779;1205.49;1.50757;0.128903
18980;7.88746;1226.4;1.49989;0.126784
19005;8.00189;1252.47;1.49992;0.12497
19030;7.96442;1241.66;1.50399;0.125558
19055;25.9842;4312.29;1.49987;0.038485
19080;7.83202;1226.24;1.4999;0.127681
19105;9.56111;1615.57;1.50877;0.10459
19130;28.8702;4975.85;1.5046;0.0346378
19155;26.9244;4465.9;1.49997;0.0371411
19180;29.0293;4949.89;1.51095;0.034448
19205;7.47248;1160.7;1.50117;0.133824
19230;8.00317;1262.2;1.50738;0.12495
19255;7.99569;1292.92;1.52033;0.125067
19280;8.08532;1284.6;1.49974;0.123681
19305;8.36939;1332.51;1.5066;0.119483
19330;8.72054;1441.79;1.5;0.114672
19355;26.2958;4455.18;1.50333;0.0380288
19380;7.97446;1292.41;1.49969;0.1254
19405;8.22468;1343.19;1.49982;0.121585
19430;9.29825;1592.85;1.50124;0.107547
19455;20.8554;3447.8;1.49997;0.0479493
19480;8.2306;1328.84;1.50796;0.121498
19505;7.80554;1244.64;1.49987;0.128114
19530;8.47762;1435.09;1.50507;0.117958
19555;8.46254;1399.24;1.51153;0.118168
19580;7.96542;1258.89;1.50312;0.125543
19605;9.9694;2115.21;1.49987;0.100307
19630;41.7548;8177.3;1.4999;0.0239493
19655;31.0806;5373.99;1.50003;0.0321744
19680;7.83836;1247.19;1.50112;0.127578
19705;8.28582;1338.31;1.5082;0.120688
19730;7.86325;1249.3;1.50613;0.127174
19755;31.0001;5506.73;1.49992;0.032258
19780;9.65303;1779.82;1.49985;0.103594
19805;19.8814;3309.07;1.49982;0.0502982
19830;8.13727;1318.15;1.4997;0.122891
19855;8.12979;1308;1.50048;0.123004
19880;8.03073;1321.37;1.49985;0.124522
19905;28.4636;4974.36;1.49987;0.0351326
19930;7.84942;1252.06;1.50768;0.127398
19955;26.5067;4546;1.49947;0.0377263
19980;30.0276;5527.73;1.4999;0.0333027
20005;7.91552;1269.24;1.49983;0.126334
20030;20.0234;3354.16;1.50879;0.0499417
20055;7.6738;1233.44;1.49983;0.130314
20080;28.296;4937.19;1.50433;0.0353407
20105;8.16991;1333.5;1.49988;0.1224
20130;28.5031;4989.73;1.50512;0.0350839
20155;8.36467;1414.96;1.50275;0.11955
20180;8.1053;1310.1;1.4997;0.123376
20205;14.0806;2781.58;1.5028;0.0710198
20230;7.41745;1212.84;1.5;0.134817
20255;8.08768;1312.09;1.49978;0.123645
20280;7.82253;1247.72;1.5;0.127836
20305;7.83068;1253.67;1.50278;0.127703
20330;28.9013;5092.42;1.51195;0.0346005
20355;29.9634;5454.08;1.50002;0.033374
20380;7.7422;1237.53;1.5;0.129162
20405;20.1071;3387.87;1.50983;0.0497336
20430;18.9164;3259.38;1.5;0.0528642
20455;15.5628;2802.02;1.50002;0.0642558
20480;10.6473;2720.05;1.49995;0.0939204
20505;7.76455;1254.71;1.49993;0.128791
20530;9.89342;1979.13;1.51271;0.101077
20555;8.02014;1333.3;1.52085;0.124686
20580;8.06458;1409.52;1.50797;0.123999
20605;9.97724;1762.25;1.49993;0.100228
20630;8.19573;1353.23;1.49976;0.122015
20655;26.7594;4703.22;1.50574;0.03737
20680;8.04753;1319.58;1.5;0.124262
20705;8.12847;1403.21;1.50365;0.123024
20730;8.05929;1326.14;1.5;0.12408
20755;9.69762;1884.1;1.50412;0.103118
20780;8.018;1356.07;1.49995;0.124719
20805;18.7805;3199.11;1.50286;0.0532466
20830;9.23183;1547.67;1.49981;0.108321
20855;7.92812;1293.5;1.49988;0.126133
20880;8.57098;1467.77;1.50383;0.116673
20905;8.30696;1378.57;1.50337;0.120381
20930;7.91538;1306.72;1.51443;0.126336
20955;8.12011;1351.43;1.51391;0.123151
20980;7.80648;1272.87;1.5;0.128099
21005;10.2056;2074.88;1.50783;0.0979852
21030;7.86957;1280.44;1.50656;0.127072
21055;8.02555;1325.82;1.4995;0.124602
21080;19.8365;3424.81;1.49991;0.0504122
21105;28.3854;5008.82;1.50263;0.0352294
21130;7.90123;1297.67;1.49991;0.126563
21155;7.90555;1299.94;1.51359;0.126493
21180;8.11761;1361.75;1.49991;0.123189
21205;8.06522;1370.66;1.50535;0.123989
21230;19.8332;3395.07;1.49986;0.0504206
21255;8.92054;1626.96;1.50722;0.112101
21280;29.1309;5316.12;1.50103;0.0343278
21305;26.9947;4911.45;1.50908;0.0370443
21330;8.0459;1330.95;1.50267;0.124287
21355;25.1943;4490.53;1.50358;0.0396915
21380;8.00014;1313.97;1.50529;0.124998
21405;11.292;1943.9;1.49984;0.0885584
21430;25.3987;4473.88;1.50817;0.039372
21455;7.7663;1288.94;1.51536;0.128761
21480;7.84846;1296.58;1.50428;0.127413
21505;8.6199;1508.8;1.50119;0.116011
21530;28.2589;5125.07;1.50608;0.035387
21555;28.6439;5471.21;1.49998;0.0349114
21580;8.32484;1412.58;1.50607;0.120122
21605;8.4137;1433.88;1.49993;0.118854
21630;8.21831;1387.33;1.49977;0.12168
21655;7.41399;1213.56;1.51263;0.13488
21680;7.922;1332.76;1.49991;0.126231
21705;8.3061;1402.06;1.50085;0.120393
21730;29.2283;5423.76;1.50695;0.0342135
21755;8.19117;1370.48;1.49979;0.122083
21780;9.5219;1830.82;1.49995;0.105021
21805;8.02834;1348.68;1.50117;0.124559
21830;12.7932;2425.7;1.49991;0.0781667
21855;7.74793;1291.21;1.50199;0.129067
21880;7.81056;1302.59;1.50256;0.128032
21905;9.98676;1796.69;1.50034;0.100133
21930;8.08231;1381.55;1.49991;0.123727
21955;8.01904;1350.95;1.49993;0.124703
21980;7.86146;1318.4;1.49995;0.127203
22005;18.8336;3300.22;1.49984;0.0530965
22030;19.7069;3417.05;1.49973;0.0507435
22055;7.61251;1274.35;1.5085;0.131363
22080;30.3048;5657.23;1.49995;0.0329981
22105;7.97317;1345.39;1.49993;0.125421
22130;7.41785;1232.66;1.49991;0.13481
22155;10.1446;2178.67;1.50733;0.0985749
22180;8.04265;1360.74;1.49991;0.124337
22205;19.6328;3442.35;1.50633;0.0509352
22230;7.75128;1298.62;1.49982;0.129011
22255;7.98436;1346.91;1.49975;0.125245
22280;7.92958;1336;1.49991;0.12611
22305;26.81;4935.9;1.49993;0.0372995
22330;8.7798;1589.21;1.49978;0.113898
22355;8.47336;1481.76;1.51219;0.118017
22380;54.8366;11342.1;1.5;0.018236
22405;8.67016;1475.93;1.49989;0.115338
22430;25.0748;4665.3;1.5033;0.0398807
22455;37.2624;6953.21;1.5075;0.0268367
22480;8.38532;1431.67;1.49987;0.119256
22505;8.98152;1559.65;1.49998;0.11134
22530;41.8295;8476.51;1.50235;0.0239066
22555;21.7226;3928.25;1.49984;0.046035
22580;8.60456;1488.23;1.49991;0.116217
22605;10.7313;2268.4;1.50936;0.0931854
22630;8.48564;1447.42;1.5141;0.117846
22655;40.8526;8135.6;1.50616;0.0244783
22680;8.62694;1503.79;1.50172;0.115916
22705;8.36723;1484.78;1.49976;0.119514
22730;37.7573;7307.75;1.49987;0.026485
22755;40.6105;8121.66;1.50002;0.0246242
22780;8.6727;1491.5;1.50566;0.115304
22805;8.59092;1481.31;1.50642;0.116402
22830;8.38677;1440.08;1.49991;0.119235
22855;10.1471;1928.99;1.5009;0.0985507
22880;8.79948;1559.42;1.50022;0.113643
22905;12.1823;3174.91;1.50583;0.0820862
22930;44.5485;9013.11;1.50436;0.0224475
22955;11.8687;3024.34;1.50002;0.0842549
22980;44.1676;8920.73;1.49987;0.022641
23005;8.59018;1513.09;1.50041;0.116412
23030;48.6067;10038.1;1.49978;0.0205733
23055;9.29529;1702.02;1.49998;0.107581
23080;8.51811;1479.31;1.49996;0.117397
23105;8.80896;1542.09;1.49989;0.113521
23130;23.0722;4202.08;1.50004;0.0433421
23155;8.56148;1485.13;1.50767;0.116802
23180;35.4535;6986.32;1.50362;0.028206
23205;48.317;10151.1;1.49994;0.0206966
23230;22.4418;4074.91;1.5;0.0445598
23255;11.0034;2172.18;1.49989;0.0908814
23280;22.5548;4173.92;1.50245;0.0443365
23305;9.20905;1791.13;1.50564;0.108589
23330;8.35812;1450.05;1.5045;0.119644
23355;10.2083;1860.12;1.50002;0.0979599
23380;8.11232;1410.73;1.49983;0.123269
23405;10.1208;2070.36;1.50421;0.0988061
23430;8.00589;1395.74;1.50337;0.124908
23455;8.58175;1554.07;1.51942;0.116526
23480;8.17841;1439.56;1.5026;0.122273
23505;26.8332;5089.77;1.50002;0.0372673
23530;8.0765;1399.95;1.50489;0.123816
23555;8.08894;1414.03;1.50104;0.123626
23580;7.83783;1404.69;1.50403;0.127586
23605;7.95192;1378.52;1.50371;0.125756
23630;10.9212;2509.32;1.5;0.091565
23655;8.02304;1403.33;1.50332;0.124641
23680;7.92424;1378.91;1.5;0.126195
23705;8.06918;1410.26;1.49989;0.123928
23730;7.30084;1552.12;1.49987;0.13697
23755;7.99112;1400.53;1.50002;0.125139
23780;8.11165;1434.66;1.50404;0.12328
23805;7.93342;1400.14;1.50019;0.126049
23830;27.0428;5043.13;1.50613;0.0369784
23855;7.93268;1377.68;1.49998;0.126061
23880;8.09489;1419.6;1.5108;0.123535
23905;29.7136;5666.78;1.49994;0.0336547
23930;8.05992;1415.75;1.5;0.124071
23955;33.5077;6717.49;1.50198;0.0298439
23980;30.6734;5890.09;1.5;0.0326015
24005;49.2983;11028.7;1.49981;0.0202847
24030;8.38685;1496.34;1.49996;0.119234
24055;27.9823;5312.44;1.50073;0.0357368
24080;7.95311;1405.6;1.50436;0.125737
24105;8.21328;1445.71;1.49965;0.121754
24130;7.88197;1376.13;1.49988;0.126872
24155;8.12821;1448.58;1.49998;0.123028
24180;28.0055;5408.36;1.49983;0.0357072
24205;10.6779;1957.69;1.50816;0.0936516
24230;9.23999;1676.88;1.5;0.108225
24255;9.11705;1715.52;1.50002;0.109685
24280;29.9043;5716.64;1.50004;0.03344
24305;31.589;6610.32;1.50562;0.0316566
24330;7.95606;1402.37;1.50115;0.12569
24355;7.93127;1408.99;1.4999;0.126083
24380;19.6154;3572.05;1.49988;0.0509803
24405;20.9999;3850.95;1.51149;0.0476192
24430;8.03377;1421.56;1.50438;0.124475
24455;20.3121;3686.72;1.49998;0.0492318
24480;8.08342;1436.99;1.49996;0.12371
24505;8.17584;1460.51;1.49994;0.122312
24530;8.03013;1436.8;1.5;0.124531
24555;8.4843;1531.47;1.49994;0.117865
24580;27.2386;5124.11;1.50342;0.0367126
24605;33.8517;7015.31;1.49998;0.0295406
24630;8.04791;1429.09;1.50183;0.124256
24655;10.4071;1898.67;1.50363;0.0960886
24680;8.0252;1445.64;1.50417;0.124607
24705;8.00057;1418.57;1.5003;0.124991
24730;8.01573;1433.36;1.5055;0.124755
24755;8.31303;1480.99;1.4999;0.120293
24780;33.6888;6751.63;1.50492;0.0296834
24805;6.61572;1197.97;1.49978;0.151155
24830;8.23182;1481.61;1.50282;0.12148
24855;8.05769;1474.42;1.49998;0.124105
24880;6.9785;1243.16;1.49996;0.143297
24905;8.26352;1494.98;1.4997;0.121014
24930;28.1038;5463.46;1.50642;0.0355824
24955;7.96101;1421.64;1.50311;0.125612
24980;7.83002;1393.32;1.49996;0.127714
